#,NES Game,Main Category,# of Runners,Game Value,Mod #R,GVC,GVP,LTM,L,*1.8,.4%+,Min,Relevant Link
1,Super Mario Bros.,any%,1863,1000,3651.48,1000,1000,1.96,,1800,1000,100,https://www.speedrun.com/smb1
2,Super Mario Bros. 3,No WW any%,582,1000,1262.94,1000,1000,2.17,,1800,1000,100,https://www.speedrun.com/smb3?h=Any_No_Wrong_Warp&x=ndxjyj2q
3,"Legend of Zelda, The",No Up+A any%,430,1000,1075,1000,1000,2.5,,1800,1000,100,https://www.speedrun.com/the_legend_of_zelda
4,Chip 'n Dale Rescue Rangers,any%,457,1000,968.84,1000,1000,2.12,,1800,1000,100,https://www.speedrun.com/chipndale
5,Castlevania,any% + Easy Mode,442,990,954.72,990,990,2.16,,1790,990,100,https://www.speedrun.com/cv1
6,Ninja Gaiden,any%,391,990,860.2,990,990,2.2,,1790,990,100,https://www.speedrun.com/ngnes
7,Contra,any%,405,990,858.6,990,990,2.12,,1790,990,100,https://www.speedrun.com/contra
8,DuckTales,any%,410,990,836.4,990,990,2.04,,1790,990,100,https://www.speedrun.com/dt
9,Tetris,100 Lines + 0 Line Start,422,980,784.92,980,980,1.86,,1770,980,100,https://www.speedrun.com/tetrisnes
10,Donkey Kong,1 Loop (Game A),425,980,756.5,980,980,1.78,,1770,980,100,https://www.speedrun.com/donkey_kong
11,Super Mario Bros. 2,any%,348,980,723.84,980,980,2.08,,1770,980,100,https://www.speedrun.com/smb2
13,Zelda II: The Adventure of Link,"100% All Keys, 1CC",236,980,590,970,970,2.5,Y,1750,980,100,https://www.speedrun.com/zelda_ii_the_adventure_of_link
12,Mega Man 2,any% Normal/Difficult,287,970,717.5,970,970,2.5,,1750,980,100,https://megamanleaderboards.net/index.php?game=2
14,Strider,any%,304,970,577.6,970,970,1.9,,1750,980,100,https://www.speedrun.com/stridernes
15,Mega Man 3,any%,230,970,575,970,970,2.5,,1750,980,100,https://megamanleaderboards.net/index.php?game=3
16,Mega Man,All Stages,237,960,568.8,960,960,2.4,,1730,970,100,https://megamanleaderboards.net/index.php?game=1
17,"Little Mermaid, The",any%,271,960,547.42,960,960,2.02,,1730,970,100,https://www.speedrun.com/littlemermaidnes
18,Mega Man 4,any%,178,960,445,960,960,2.5,,1730,970,100,https://megamanleaderboards.net/index.php?game=4
19,Batman: The Video Game,any%,181,950,383.72,950,950,2.12,,1710,970,100,https://www.speedrun.com/batman_the_video_game_nes
20,Castlevania II: Simon's Quest,any% (regular/glitchless/noWW),147,950,367.5,950,950,2.5,,1710,970,100,https://www.speedrun.com/cv2sq
21,Marble Madness,any%,193,950,358.98,950,950,1.86,,1710,970,100,https://www.speedrun.com/marblemadness
22,Dr. Mario,0-10,218,950,353.16,950,950,1.62,,1710,970,100,https://www.speedrun.com/drmariones
23,Super C,any%,151,940,341.26,940,940,2.26,,1700,960,100,https://www.speedrun.com/super_c
24,DuckTales 2,any%,160,940,336,940,940,2.1,,1700,960,100,https://www.speedrun.com/dt2
25,Kirby's Adventure,any% NMG,134,940,335,940,940,2.5,,1700,960,100,https://www.speedrun.com/ka
26,Mega Man 5,any%,133,940,332.5,940,940,2.5,,1700,960,100,https://megamanleaderboards.net/index.php?game=5
27,Metroid,any% + All Bosses + both Classic,152,930,319.2,930,930,2.1,,1680,950,100,https://www.speedrun.com/metroid_nes?h=All_Bosses&x=zd3l3ord
28,Kung-Fu Master,any%,167,930,318.97,930,930,1.91,,1680,950,100,https://www.speedrun.com/kung_fu
29,Where's Waldo?,Easy,171,930,312.93,930,930,1.83,,1680,950,100,https://www.speedrun.com/wwnes
30,Ninja Gaiden II: The Dark Sword of Chaos,any%,146,920,310.98,920,920,2.13,,1660,950,100,https://www.speedrun.com/ng2nes
31,Punch-Out!!,Single Segment,129,920,299.28,920,920,2.32,,1660,950,100,https://www.speedrun.com/mtpo
32,Mega Man 6,any%,119,920,297.5,920,920,2.5,,1660,950,100,https://megamanleaderboards.net/index.php?game=6
33,Super Dodge Ball,Easy 100%,145,920,284.2,920,920,1.96,,1660,950,100,https://www.speedrun.com/superdodgeball
50,StarTropics,any%,71,920,177.5,870,870,2.5,Y,1570,920,100,https://www.speedrun.com/startropics
34,Darkwing Duck,any%,123,910,271.83,910,910,2.21,,1640,940,100,https://www.speedrun.com/dwd
35,Teenage Mutant Ninja Turtles,any%,111,910,261.96,910,910,2.36,,1640,940,100,https://www.speedrun.com/tmnt1
36,Chip 'n Dale Rescue Rangers 2,any%,106,910,243.8,910,910,2.3,,1640,940,100,https://www.speedrun.com/chip_n_dale_rescue_rangers_2
37,Donkey Kong Jr.,1 Loop (Game A),182,910,236.6,910,910,1.3,,1640,940,100,https://www.speedrun.com/dkjr
38,Little Nemo: The Dream Master,any%,94,900,234.06,900,900,2.49,,1620,940,100,https://www.speedrun.com/little_nemo_the_dream_master
39,Ninja Gaiden III: The Ancient Ship of Doom,any% (U/J),103,900,230.72,900,900,2.24,,1620,940,100,https://www.speedrun.com/ng3nes
40,Jackal,any%,104,900,214.24,900,900,2.06,,1620,940,100,https://www.speedrun.com/jackal
41,Die Hard,any% Beginner,117,890,212.94,890,890,1.82,,1610,930,100,https://www.speedrun.com/die_hard_nes
42,Pac-Man (Namco),10000 Points,159,890,201.93,890,890,1.27,,1610,930,100,https://www.speedrun.com/pacman
43,Castlevania III: Dracula's Curse,any% no WW (all 8 NES/FC chars),78,890,195,890,890,2.5,,1610,930,100,https://www.speedrun.com/cv3dc
44,Jaws,any%,103,890,194.67,890,890,1.89,,1610,930,100,https://www.speedrun.com/jaws
45,"Goonies II, The",any% No OoB,83,880,193.39,880,880,2.33,,1590,920,100,https://www.speedrun.com/the_goonies_ii
46,Duck Hunt,100000 points Game B,103,880,192.61,880,880,1.87,,1590,920,100,https://www.speedrun.com/dh
47,Popeye,any%,99,880,187.11,880,880,1.89,,1590,920,100,https://www.speedrun.com/popeye
48,Donkey Kong 3,Beat Level 3 (Game A),141,880,179.07,880,880,1.27,,1590,920,100,https://www.speedrun.com/donkey_kong_3
49,"Karate Kid, The",any%,93,870,178.56,870,870,1.92,,1570,920,100,https://www.speedrun.com/tkk
51,Battletoads,any% no Credits Warp,77,870,173.25,870,870,2.25,,1570,920,100,https://www.speedrun.com/battletoads_nes
52,A Boy and His Blob: Trouble on Blobolonia,any%,95,870,171.95,870,870,1.81,,1570,920,100,https://www.speedrun.com/blobnes
53,Friday the 13th,any%,91,860,170.17,860,860,1.87,,1550,910,100,https://www.speedrun.com/friday13
54,Shadowgate,Glitchless,78,860,170.04,860,860,2.18,,1550,910,100,https://www.speedrun.com/shdwgt
55,Felix the Cat,any%,66,860,163.68,860,860,2.48,,1550,910,100,https://www.speedrun.com/felix_the_cat_nes
56,Teenage Mutant Ninja Turtles II: The Arcade Game,any%,65,860,162.5,860,860,2.5,,1550,910,100,https://www.speedrun.com/tmnt2
84,Dragon Warrior,any% No RNG Manip,49,860,122.5,780,780,2.5,Y,1410,860,100,https://www.speedrun.com/dw1
57,Ghoul School,any%,83,850,160.19,850,850,1.93,,1530,910,100,https://www.speedrun.com/ghoul_school
58,Balloon Fight,Beat phase 12,84,850,158.76,850,850,1.89,,1530,910,100,https://www.speedrun.com/balloonfight
59,Journey to Silius,any% + Warpless,75,850,156,850,850,2.08,,1530,910,100,https://www.speedrun.com/journey_to_silius
60,Golf,Complete hole 18,100,840,153,840,840,1.53,,1520,900,100,https://www.speedrun.com/golf
61,Rygar,any%,75,840,152.25,840,840,2.03,,1520,900,100,https://www.speedrun.com/rygar
62,Panic Restaurant,any%,66,840,150.48,840,840,2.28,,1520,900,100,https://www.speedrun.com/panic_restaurant
63,Kabuki: Quantum Fighter,any%,70,840,149.1,840,840,2.13,,1520,900,100,https://www.speedrun.com/kabuki_quantum_fighter
64,Mr. Gimmick!,any% + zipless,75,830,147,830,830,1.96,,1500,890,100,https://www.speedrun.com/gimmick
65,Gremlins 2: The New Batch,any%,71,830,145.55,830,830,2.05,,1500,890,100,https://www.speedrun.com/gremlins2nes
66,Kid Icarus,any%,59,830,145.14,830,830,2.46,,1500,890,100,https://www.speedrun.com/ki
67,Double Dragon,any%,65,830,137.8,830,830,2.12,,1500,890,100,https://www.speedrun.com/doubledragon
68,Monster in My Pocket,any%,58,820,136.3,820,820,2.35,,1480,890,100,https://www.speedrun.com/monster_in_my_pocket
69,Super Pitfall,any%,69,820,135.24,820,820,1.96,,1480,890,100,https://www.speedrun.com/super_pitfall
70,Donkey Kong Jr. Math,Calculate A,75,820,133.5,820,820,1.78,,1480,890,100,https://www.speedrun.com/donkey_kong_jr._math
71,Double Dragon II: The Revenge,any%,62,820,132.68,820,820,2.14,,1480,890,100,https://www.speedrun.com/doubledragon2
72,Bucky O'Hare,"Normal Mode, any% no Turbo",53,810,132.5,810,810,2.5,,1460,880,100,https://www.speedrun.com/bucky
73,Shadow of the Ninja,any%,61,810,131.76,810,810,2.16,,1460,880,100,https://www.speedrun.com/shadow_of_the_ninja
74,"Chessmaster, The",Newcomer 1,75,810,131.25,810,810,1.75,,1460,880,100,https://www.speedrun.com/the_chessmaster_nes
75,A Nightmare on Elm Street,any%,56,810,131.04,810,810,2.34,,1460,880,100,https://www.speedrun.com/anoes
76,Karnov,any%,62,800,130.2,800,800,2.1,,1440,880,100,https://www.speedrun.com/karnov
77,Galaga,30k Points,100,800,128,800,800,1.28,,1440,880,100,https://www.speedrun.com/galaga_nes
78,NES Open Tournament Golf,US/UK/Japan Courses,81,800,127.98,800,800,1.58,,1440,880,100,https://www.speedrun.com/nesopen
79,Blaster Master,any% (both US and JP),51,800,127.5,800,800,2.5,,1440,880,100,https://www.speedrun.com/blaster_master?h=Any_US&x=xk9ll7vk
128,Final Fantasy,any%,34,800,85,680,680,2.5,Y,1230,800,100,https://www.speedrun.com/final_fantasy_nes?h=Any_US_no_RNG_manip&x=jdzvqmgk
80,Urban Champion,any%,72,790,126.72,790,790,1.76,,1430,870,100,https://www.speedrun.com/urban_champion
81,Power Blade,any% Normal,53,790,126.14,790,790,2.38,,1430,870,100,https://www.speedrun.com/power_blade
82,Excitebike,Selection A,64,790,125.44,790,790,1.96,,1430,870,100,https://www.speedrun.com/excitebike_nes
83,Little Samson,any% Easy,59,790,123.9,790,790,2.1,,1430,870,100,https://www.speedrun.com/little_samson
85,Mighty Final Fight,any%,53,780,121.9,780,780,2.3,,1410,860,100,https://www.speedrun.com/mightyfinalfight?h=any-haggar&x=wk6gg5od-68kyjgkl.lr3jz70l
86,Hammerin' Harry,any%,60,780,121.8,780,780,2.03,,1410,860,100,https://www.speedrun.com/hammerin
87,Tiny Toon Adventures,any%,54,780,120.96,780,780,2.24,,1410,860,100,https://www.speedrun.com/tta
88,Pinball,"100K, Game A",67,770,120.6,770,770,1.8,,1390,860,100,https://www.speedrun.com/pinball
89,Metal Storm,any%,55,770,116.05,770,770,2.11,,1390,860,100,https://www.speedrun.com/metal_storm
90,River City Ransom,Novice,58,770,115.42,770,770,1.99,,1390,860,100,https://www.speedrun.com/rivercityransom
91,TaleSpin,any%,49,770,115.15,770,770,2.35,,1390,860,100,https://www.speedrun.com/talespin_nes
92,Solstice: The Quest for the Staff of Demnos,any%,58,760,114.26,760,760,1.97,,1370,850,100,https://www.speedrun.com/solstice_quest_for_the_staff_of_demnos
93,Adventures in the Magic Kingdom,any%,53,760,112.89,760,760,2.13,,1370,850,100,https://www.speedrun.com/adventures_in_the_magic_kingdom
94,Barbie,any%,50,760,111.5,760,760,2.23,,1370,850,100,https://www.speedrun.com/barbienes
95,Tetris 2,10 Rounds,79,760,110.6,760,760,1.4,,1370,850,100,https://www.speedrun.com/tetris_2_nes
163,Wario's Woods,"99 Rounds, Type A",27,760,67.5,600,600,2.5,Y,1080,760,100,https://www.speedrun.com/warios_woods_nes
96,Wizards & Warriors,any%,51,750,110.16,750,750,2.16,,1350,850,100,https://www.speedrun.com/wizards_and_warriors
97,Trojan,BTG,54,750,109.08,750,750,2.02,,1350,850,100,https://www.speedrun.com/trojan
98,Teenage Mutant Ninja Turtles: Tournament Fighters,All,55,750,108.35,750,750,1.97,,1350,850,100,https://www.speedrun.com/tmnttfnes
99,Déjà Vu: A Nightmare Comes True,any%,49,750,107.8,750,750,2.2,,1350,850,100,https://www.speedrun.com/dejavu
100,Renegade,Easy,56,740,106.96,740,740,1.91,,1340,840,100,https://www.speedrun.com/renegade
101,Danny Sullivan's Indy Heat,1 Loop,51,740,104.04,740,740,2.04,,1340,840,100,https://www.speedrun.com/danny_sullivans_indy_heat
102,Wrecking Crew,Top Score,78,740,102.96,740,740,1.32,,1340,840,100,https://www.speedrun.com/wrecking_crew
103,Life Force,any%,41,740,102.5,740,740,2.5,,1340,840,100,https://www.speedrun.com/lifeforce
104,Bram Stoker's Dracula,any% Easy,54,730,101.52,730,730,1.88,,1320,830,100,https://www.speedrun.com/bram_stokers_dracula_nes
105,Wacky Races,any%,42,730,100.8,730,730,2.4,,1320,830,100,https://www.speedrun.com/wacky_races
106,Mario's Time Machine,any%,49,730,100.45,730,730,2.05,,1320,830,100,https://www.speedrun.com/mtmnes
107,Monster Party,any%,43,730,100.19,730,730,2.33,,1320,830,100,https://www.speedrun.com/monster_party
180,Dragon Warrior IV,any%,25,730,62.5,560,560,2.5,Y,1010,730,100,https://www.speedrun.com/dw4
108,Fisher-Price: Firehouse Rescue,100%,45,720,99.9,720,720,2.22,,1300,830,100,https://www.speedrun.com/firehouse_rescue
109,"Last Ninja, The",Beat the game,48,720,99.84,720,720,2.08,,1300,830,100,https://www.speedrun.com/the_last_ninja_nes
110,Arkista's Ring,1st Loop,46,720,99.82,720,720,2.17,,1300,830,100,https://www.speedrun.com/arkistasring
111,Jackie Chan's Action Kung Fu,any%,42,720,99.54,720,720,2.37,,1300,830,100,https://www.speedrun.com/jackie_chans_action_kung_fu
112,Yoshi,A Type,52,710,99.32,710,710,1.91,,1280,820,100,https://www.speedrun.com/yoshi_nes
113,Gargoyle's Quest II,any%,39,710,97.5,710,710,2.5,,1280,820,100,https://www.speedrun.com/gargoyles_quest_2
114,Guerrilla War,any% Easy,42,710,97.02,710,710,2.31,,1280,820,100,https://www.speedrun.com/gwar
115,Spot: The Video Game,any%,55,710,96.25,710,710,1.75,,1280,820,100,https://www.speedrun.com/spotthevideogame
116,Metal Gear,any%,38,710,95,710,710,2.5,,1280,820,100,https://www.speedrun.com/mgnes
117,Mickey Mousecapade,any%,46,700,93.84,700,700,2.04,,1260,820,100,https://www.speedrun.com/mousecapade
118,Ninja Crusaders,any%,48,700,93.6,700,700,1.95,,1260,820,100,https://www.speedrun.com/ninja_crusaders
119,Rescue: The Embassy Mission,any%,52,700,93.08,700,700,1.79,,1260,820,100,https://www.speedrun.com/rescue_the_embassy_mission?h=Any&x=xd13g54k
120,Home Alone 2: Lost in New York,any%,45,700,91.8,700,700,2.04,,1260,820,100,https://www.speedrun.com/home_alone_2_nes
121,Fisher-Price: Perfect Fit,100%,48,690,91.2,690,690,1.9,,1250,810,100,https://www.speedrun.com/fisher-price_perfect_fit
122,"Great Waldo Search, The",Normal,51,690,89.76,690,690,1.76,,1250,810,100,https://www.speedrun.com/thegreatwaldosearch
123,Bionic Commando,any%,39,690,89.7,690,690,2.3,,1250,810,100,https://www.speedrun.com/bc88
124,Skate or Die,Compete All,48,690,88.32,690,690,1.84,,1250,810,100,https://www.speedrun.com/skate_or_die
125,Shatterhand,any%,36,680,87.12,680,680,2.42,,1230,800,100,https://www.speedrun.com/shatterhand
126,"Flintstones: The Surprise at Dinosaur Peak, The",any% (manip & no manip),37,680,85.84,680,680,2.32,,1230,800,100,https://www.speedrun.com/the_flintstones_the_surprise_at_dinosaur_peak
127,Tecmo Bowl,One Game (Win),55,680,85.25,680,680,1.55,,1230,800,100,https://www.speedrun.com/tb
219,1942,any%,20,680,50,480,480,2.5,Y,870,680,100,https://www.speedrun.com/1942
219,Crystalis,any% No Wild Warp,20,680,50,480,480,2.5,Y,870,680,100,https://www.speedrun.com/crystalis
219,Godzilla: Monster of Monsters,"All Planets, Warpless",20,680,50,480,480,2.5,Y,870,680,100,https://www.speedrun.com/godzilla
129,Defender of the Crown,any%,46,670,84.64,670,670,1.84,,1210,800,100,https://www.speedrun.com/defender_of_the_crown
130,Rush'n Attack,any%,40,670,84.4,670,670,2.11,,1210,800,100,https://www.speedrun.com/rushn_attack
131,Faxanadu,any%,33,670,82.5,670,670,2.5,,1210,800,100,https://www.speedrun.com/faxanadu
132,RoboCop,any%,38,670,81.32,670,670,2.14,,1210,800,100,https://www.speedrun.com/robocop_nes
133,Track & Field,Single Player,40,670,81.2,670,670,2.03,,1210,800,100,https://www.speedrun.com/track_and_field
134,Othello,Lvl.1 CPU,45,660,79.2,660,660,1.76,,1190,790,100,https://www.speedrun.com/othello
135,Mickey's Safari in Letterland,normal any%,87,660,79.17,660,660,0.91,,1190,790,100,https://www.speedrun.com/mickeys_safari_in_letterland
136,Whomp 'Em,any%,35,660,79.1,660,660,2.26,,1190,790,100,https://www.speedrun.com/whomp_em
137,Cliffhanger,any%,39,660,78.78,660,660,2.02,,1190,790,100,https://www.speedrun.com/cliffhanger
138,Ice Climber,All Mountains,34,650,77.52,650,650,2.28,,1170,790,100,https://www.speedrun.com/ice_climber
139,Wolverine,any%,38,650,76,650,650,2,,1170,790,100,https://www.speedrun.com/wolverine
140,Uninvited,any%,35,650,75.95,650,650,2.17,,1170,790,100,https://www.speedrun.com/uninvited
141,Toki,any%,35,650,75.25,650,650,2.15,,1170,790,100,https://www.speedrun.com/toki
142,Battle Chess,3D (full game),42,640,75.18,640,640,1.79,,1160,780,100,https://www.speedrun.com/battle_chess
143,Sesame Street Countdown,Run any%,39,640,73.71,640,640,1.89,,1160,780,100,https://www.speedrun.com/sscountdown
144,RollerGames,any%,32,640,73.6,640,640,2.3,,1160,780,100,https://www.speedrun.com/roller_games
145,Attack of the Killer Tomatoes,any%,38,640,73.34,640,640,1.93,,1160,780,100,https://www.speedrun.com/attack_of_the_killer_tomatoes
146,Archon: The Light and the Dark,Power Points Victory,41,640,72.98,640,640,1.78,,1160,780,100,https://www.speedrun.com/archon_the_light_and_the_dark
263,Dragon Warrior II,any% (both),16,640,40,400,400,2.5,Y,720,640,100,https://www.speedrun.com/dw2
263,"Guardian Legend, The",any%,16,640,40,400,400,2.5,Y,720,640,100,https://www.speedrun.com/tgl
147,Pictionary,any%,40,630,72.8,630,630,1.82,,1140,770,100,https://www.speedrun.com/pictionary
148,Vice: Project Doom,any%,32,630,72.64,630,630,2.27,,1140,770,100,https://www.speedrun.com/vice_project_doom
149,Bubble Bobble,any%,29,630,72.5,630,630,2.5,,1140,770,100,https://www.speedrun.com/bubblebobble
149,Teenage Mutant Ninja Turtles III: The Manhattan Project,any%,29,630,72.5,630,630,2.5,,1140,770,100,https://www.speedrun.com/tmnt3
151,Yoshi's Cookie,Round 1,56,620,72.24,620,620,1.29,,1120,770,100,https://www.speedrun.com/yoshis_cookie_nes
152,Caesars Palace,Sportscar,41,620,72.16,620,620,1.76,,1120,770,100,https://www.speedrun.com/caesars_palace
153,Astyanax,any%,31,620,71.92,620,620,2.32,,1120,770,100,https://www.speedrun.com/astyanax
154,Hatris,any% (Shop 0),44,620,71.72,620,620,1.63,,1120,770,100,https://www.speedrun.com/hatris_nes
155,Joe & Mac,any%,35,620,70.7,620,620,2.02,,1120,770,100,https://www.speedrun.com/joemacnes
282,Rampage,any%,15,620,37.5,370,370,2.5,Y,670,620,100,https://www.speedrun.com/rampage_nes
282,Zoda's Revenge: StarTropics II,any%,15,620,37.5,370,370,2.5,Y,670,620,100,https://www.speedrun.com/st2
156,Magic Darts,301,40,610,70,610,610,1.75,,1100,760,100,https://www.speedrun.com/magic_darts
157,Millipede,10 Rounds,55,610,69.85,610,610,1.27,,1100,760,100,https://www.speedrun.com/millipede
158,Spider-Man: Return of the Sinister Six,any%,35,610,69.65,610,610,1.99,,1100,760,100,https://www.speedrun.com/spider-man_return_of_the_sinister_six
159,Nintendo World Championships,"any%, 25 Lines",36,610,69.12,610,610,1.92,,1100,760,100,https://www.speedrun.com/nwc?h=Any-25_Lines&x=q25eo3g2-9l77w24l.xqkje4dl
293,Fire 'n Ice,any%,14,610,35,350,350,2.5,Y,630,610,100,https://www.speedrun.com/fni
160,Double Dribble,100 Points,48,600,68.16,600,600,1.42,,1080,760,100,https://www.speedrun.com/double_dribble
161,Snow Brothers,All Stages + any%,29,600,68.15,600,600,2.35,,1080,760,100,https://www.speedrun.com/snow_brothers
162,Ghostbusters,any%,36,600,67.68,600,600,1.88,,1080,760,100,https://www.speedrun.com/ghostbustersnes
164,Palamedes,Tournament,34,600,67.32,600,600,1.98,,1080,760,100,https://www.speedrun.com/palamedes
165,Rockin' Kats,any%,28,590,67.2,590,590,2.4,,1070,750,100,https://www.speedrun.com/rockin_kats
166,Legacy of the Wizard,any% + No Super Jump,27,590,66.69,590,590,2.47,,1070,750,100,https://www.speedrun.com/legacy_of_the_wizard
167,Tom and Jerry,any%,32,590,66.56,590,590,2.08,,1070,750,100,https://www.speedrun.com/tom_and_jerry_nes
168,Batman: Return of the Joker,any%,29,590,65.83,590,590,2.27,,1070,750,100,https://www.speedrun.com/batman_return_of_the_joker
169,Star Wars,any%,31,590,65.41,590,590,2.11,,1070,750,100,https://www.speedrun.com/star_wars
170,Young Indiana Jones Chronicles,any%,30,580,65.4,580,580,2.18,,1050,740,100,https://www.speedrun.com/youngindianajones
171,Anticipation,Easy,33,580,65.34,580,580,1.98,,1050,740,100,https://www.speedrun.com/anticipation
172,Double Dragon III: The Sacred Stones,any%,29,580,64.96,580,580,2.24,,1050,740,100,https://www.speedrun.com/doubledragon3
173,Trog!,(all) any%,30,580,64.8,580,580,2.16,,1050,740,100,https://www.speedrun.com/trog
174,Cobra Triangle,any%,27,570,64.26,570,570,2.38,,1030,740,100,https://www.speedrun.com/cobra_triangle
175,North & South,Lv.1 Difficulty,36,570,64.08,570,570,1.78,,1030,740,100,https://www.speedrun.com/north_and_south
176,Tecmo Super Bowl,Win A Single Game,41,570,63.55,570,570,1.55,,1030,740,100,https://www.speedrun.com/tecmo_super_bowl
177,Maniac Mansion,any%,32,570,63.04,570,570,1.97,,1030,740,100,https://www.speedrun.com/maniac_mansion_nes
178,"Win, Lose, or Draw",600 Points Victory,33,570,63.03,570,570,1.91,,1030,740,100,https://www.speedrun.com/win_lose_or_draw
179,Street Fighter 2010: The Final Fight,No WW any%,26,560,62.66,560,560,2.41,,1010,730,100,https://www.speedrun.com/street_fighter_2010_the_final_fight
180,Bomberman,All Stages,25,560,62.5,560,560,2.5,,1010,730,100,https://www.speedrun.com/bomberman_nes
182,"Flintstones: The Rescue of Dino & Hoppy, The",any%,27,560,62.37,560,560,2.31,,1010,730,100,https://www.speedrun.com/flintstones_rodh
183,Kick Master,any%,29,560,62.35,560,560,2.15,,1010,730,100,https://www.speedrun.com/kick_master
184,Battletoads & Double Dragon,any% (Dragon or Toad),25,550,61.75,550,550,2.47,,990,730,100,https://www.speedrun.com/btdd
184,Hebereke,any%,25,550,61.75,550,550,2.47,,990,730,100,https://www.speedrun.com/hebereke
186,Ms. Pac-Man,10000 Points,48,550,60.96,550,550,1.27,,990,730,100,https://www.speedrun.com/mspmarcade
187,Monopoly,vs. 1 CPU,34,550,60.18,550,550,1.77,,990,730,100,https://www.speedrun.com/monopolynes
188,"Bugs Bunny Crazy Castle, The",any%,24,540,60,540,540,2.5,,980,720,100,https://www.speedrun.com/bugsbunnycrazycastle
188,Silver Surfer,any%,24,540,60,540,540,2.5,,980,720,100,https://www.speedrun.com/silver_surfer
190,Gun.Smoke,any% sub-weapon,24,540,59.76,540,540,2.49,,980,720,100,https://www.speedrun.com/gun_smoke
191,Gauntlet,any%,26,540,59.54,540,540,2.29,,980,720,100,https://www.speedrun.com/gauntlet_nes
192,Loopz,"Game A, 25 loopz",42,540,58.8,540,540,1.4,,980,720,100,https://www.speedrun.com/loopz
193,Ikari Warriors III: The Rescue,any%,26,530,58.24,530,530,2.24,,960,710,100,https://www.speedrun.com/ikari_iii_the_rescue
194,M.C. Kids,any%,24,530,58.08,530,530,2.42,,960,710,100,https://www.speedrun.com/m.c._kids
195,Total Recall,any%,29,530,58,530,530,2,,960,710,100,https://www.speedrun.com/total_recall
196,Fester's Quest,any%,26,530,57.98,530,530,2.23,,960,710,100,https://www.speedrun.com/festersquest
197,Ivan 'Ironman' Stewart's Super Off Road,"Max Stats, 99 Nitros",34,530,57.8,530,530,1.7,,960,710,100,https://www.speedrun.com/ivan_ironman_stewarts_super_off_road_nes
331,Willow,any%,12,530,30,290,290,2.5,Y,530,570,100,https://www.speedrun.com/willow
198,Golf Grand Slam,Tournament any%,34,520,57.46,520,520,1.69,,940,710,100,https://www.speedrun.com/golf_grand_slam
199,Adventures of Lolo,any%,23,520,57.04,520,520,2.48,,940,710,100,https://www.speedrun.com/lolo1
200,Fisher-Price: I Can Remember,100%,26,520,56.94,520,520,2.19,,940,710,100,https://www.speedrun.com/fisher-price_i_can_remember
201,Ghosts 'n Goblins,any% 2 Loops,24,520,56.4,520,520,2.35,,940,710,100,https://www.speedrun.com/ghosts_n_goblins
202,Paperboy,Perfect Delivery,26,520,56.16,520,520,2.16,,940,710,100,https://www.speedrun.com/paperboy_nes
203,Mario Bros.,18 Phases,27,510,55.89,510,510,2.07,,920,700,100,https://www.speedrun.com/mario_bros_nes
204,Bomberman II,Beat the Game,22,510,55,510,510,2.5,,920,700,100,https://www.speedrun.com/bomberman_ii_nes
204,Q*bert,any%,22,510,55,510,510,2.5,,920,700,100,https://www.speedrun.com/qbert
206,Mighty Bomb Jack,any%,27,510,54.27,510,510,2.01,,920,700,100,https://www.speedrun.com/mighty_bomb_jack
207,"Adventures of Rocky and Bullwinkle and Friends, The",any%,28,510,54.04,510,510,1.93,,920,700,100,https://www.speedrun.com/rockyandbullwinklenes
208,Last Action Hero,any%,26,500,53.56,500,500,2.06,,900,700,100,https://www.speedrun.com/last_action_hero_nes
209,Codename: Viper,easy%,24,500,52.56,500,500,2.19,,900,700,100,https://www.speedrun.com/codename_viper
210,Adventure Island (Hudson's),any%,21,500,52.5,500,500,2.5,,900,700,100,https://www.speedrun.com/ai1
211,Baseball,any%,29,500,52.49,500,500,1.81,,900,700,100,https://www.speedrun.com/baseball
212,Ironsword: Wizards & Warriors II,any%,25,500,52.25,500,500,2.09,,900,700,100,https://www.speedrun.com/ironsword_wizards_and_warriors_ii
213,Sesame Street: 1-2-3,any%,22,490,52.14,490,490,2.37,,890,690,100,https://www.speedrun.com/sesame_street_123
214,Town & Country Surf Designs: Wood & Water Rage,Skateboarding (1 loop),36,490,51.84,490,490,1.44,,890,690,100,https://www.speedrun.com/town_and_country_surf_designs_wood_and_water_rage
215,"Blue Marlin, The",any%,26,490,51.74,490,490,1.99,,890,690,100,https://www.speedrun.com/the_blue_marlin
216,Alien 3,any% & All Prisoners,22,490,51.04,490,490,2.32,,890,690,100,https://www.speedrun.com/alien_3_nes
217,Dragon Spirit: The New Legend,Gold Dragon,22,490,50.6,490,490,2.3,,890,690,100,https://www.speedrun.com/dragon_spirit_the_new_legend
218,Widget,any%,24,480,50.16,480,480,2.09,,870,680,100,https://www.speedrun.com/widget
219,Gun-Nac,any% Novice No Ricochet,20,480,50,480,480,2.5,,870,680,100,https://www.speedrun.com/gunnac
223,Joust,50K,38,470,49.78,470,470,1.31,,850,680,100,https://www.speedrun.com/joust_nes?h=50K&x=z2779r42
224,Back to the Future,any%,21,470,49.77,470,470,2.37,,850,680,100,https://www.speedrun.com/backtothefuture
225,Power Blade 2,any%,20,470,49.4,470,470,2.47,,850,680,100,https://www.speedrun.com/power_blade_2
226,Terminator 2: Judgment Day,Beat The Game,22,470,48.4,470,470,2.2,,850,680,100,https://www.speedrun.com/terminator_2judgment_day
227,Championship Bowling,Leaderboard%,26,470,48.36,470,470,1.86,,850,680,100,https://www.speedrun.com/championship_bowling?h=Leaderboard_&x=xd1mmerd
228,Clu Clu Land,Low%,25,460,48.25,460,460,1.93,,830,670,100,https://www.speedrun.com/clu_clu_land
229,Adventure Island 3,any%,20,460,48.2,460,460,2.41,,830,670,100,https://www.speedrun.com/ai3
230,Gradius,any%,22,460,48.18,460,460,2.19,,830,670,100,https://www.speedrun.com/gradius
231,Baseball Stars,Single Game Victory - Full Game,29,460,48.14,460,460,1.66,,830,670,100,https://www.speedrun.com/baseball_stars?h=Single_Game_Victory_-_Full_Game&x=9d8jv0qk
232,Spelunker,any% First Loop,24,460,47.76,460,460,1.99,,830,670,100,https://www.speedrun.com/spelunkernes
233,Hogan's Alley,50000 Points Mode A,34,460,47.6,460,460,1.4,,830,670,100,https://www.speedrun.com/hogans_alley
234,Snake Rattle 'n' Roll,any%,24,450,47.28,450,450,1.97,,810,670,100,https://www.speedrun.com/snake_rattle_n_roll
235,Puss 'n Boots: Pero's Great Adventure,any%,23,450,47.15,450,450,2.05,,810,670,100,https://www.speedrun.com/puss_n_boots_peros_great_adventure
236,"Simpsons: Bart vs. the Space Mutants, The",any%,20,450,46.8,450,450,2.34,,810,670,100,https://www.speedrun.com/spacemutants
237,Ice Hockey,10 Goals,35,450,46.55,450,450,1.33,,810,670,100,https://www.speedrun.com/ice_hockey
238,Jeopardy! Junior Edition,Win (Solo),20,450,45.4,450,450,2.27,,810,670,100,https://www.speedrun.com/jeopardyjuniornes
239,Soccer,10 Goals,33,440,45.21,440,440,1.37,,800,660,100,https://www.speedrun.com/soccer
240,10-Yard Fight,Beat Super Level,21,440,45.15,440,440,2.15,,800,660,100,https://www.speedrun.com/10-yard_fight
241,"Bugs Bunny Birthday Blowout, The",any%,18,440,45,440,440,2.5,,800,660,100,https://www.speedrun.com/bbbb
242,Bandai Golf: Challenge Pebble Beach,18 Holes,30,440,44.4,440,440,1.48,,800,660,100,https://www.speedrun.com/bandai_golf_challenge_pebble_beach
243,Snoopy's Silly Sports Spectacular,any% (all awards),22,440,44,440,440,2,,800,660,100,https://www.speedrun.com/snoopys_silly_sports_spectacular
244,Home Alone,any%,18,430,43.92,430,430,2.44,,780,650,100,https://www.speedrun.com/home_alone_nes
245,Super Spike V'Ball,American Circuit Auto Set,19,430,43.89,430,430,2.31,,780,650,100,https://www.speedrun.com/ssvb
246,Color a Dinosaur,All Dinos,41,430,43.87,430,430,1.07,,780,650,100,https://www.speedrun.com/cad
247,Xevious,"20,000 points",34,430,43.86,430,430,1.29,,780,650,100,https://www.speedrun.com/xvs
248,Baseball Stars 2,Single Game Victory,32,430,43.84,430,430,1.37,,780,650,100,https://www.speedrun.com/baseball_stars_2
249,Barker Bill's Trick Shooting,any%,24,430,43.68,430,430,1.82,,780,650,100,https://www.speedrun.com/barker_bills_trick_shooting
250,Wrath of the Black Manta,any%,20,420,43.6,420,420,2.18,,760,650,100,https://www.speedrun.com/wrath_of_the_black_manta
251,"Adventures of Bayou Billy, The",any%,18,420,43.38,420,420,2.41,,760,650,100,https://www.speedrun.com/bayou
252,Wheel of Fortune,any%,51,420,43.35,420,420,0.85,,760,650,100,https://www.speedrun.com/wof
253,Jeopardy!,Win (Solo),19,420,43.13,420,420,2.27,,760,650,100,https://www.speedrun.com/jeopardy_nes
254,Road Fighter,Level 1,22,420,42.9,420,420,1.95,,760,650,100,https://www.speedrun.com/road_fighter
370,Dragon Warrior III,any% Glitchless/Single Segment,10,420,25,230,230,2.5,Y,420,530,100,https://www.speedrun.com/dw3
255,Lee Trevino's Fighting Golf,any% (all),25,410,42.75,410,410,1.71,,740,640,100,https://www.speedrun.com/lee_trevinos_fighting_golf
256,Mappy-Land,All Stages One Loop,17,410,41.99,410,410,2.47,,740,640,100,https://www.speedrun.com/mappy_land
257,Karate Champ,1 Loop,20,410,41.8,410,410,2.09,,740,640,100,https://www.speedrun.com/karate_champ
258,Jordan vs. Bird: One on One,1-on-1,33,410,41.58,410,410,1.26,,740,640,100,https://www.speedrun.com/jordan_vs_bird
259,Freedom Force,Single Loop,22,410,41.36,410,410,1.88,,740,640,100,https://www.speedrun.com/freedom_force
260,G.I. Joe: A Real American Hero,any%,17,410,41.31,410,410,2.43,,740,640,100,https://www.speedrun.com/gijoe_nes
261,MagMax,Single Loop,20,400,41,400,400,2.05,,720,640,100,https://www.speedrun.com/magmax
262,Alfred Chicken,any%,18,400,40.68,400,400,2.26,,720,640,100,https://www.speedrun.com/alfredchickennes
263,Adventure Island 2,any%,16,400,40,400,400,2.5,,720,640,100,https://www.speedrun.com/ai2
263,Rad Racer,Total points,16,400,40,400,400,2.5,,720,640,100,https://www.speedrun.com/rad_racer
263,Ski or Die,All events,20,400,40,400,400,2,,720,640,100,https://www.speedrun.com/ski_or_die
268,WWF King of the Ring,King of the Ring%,22,390,39.82,390,390,1.81,,710,630,100,https://www.speedrun.com/wwf_king_of_the_ring
269,Wayne's World,any%,20,390,39.8,390,390,1.99,,710,630,100,https://www.speedrun.com/waynes_world
270,"Lion King, The",any%,20,390,39.4,390,390,1.97,,710,630,100,https://www.speedrun.com/the_lion_king_nes
271,Milon's Secret Castle,any%,19,390,39.33,390,390,2.07,,710,630,100,https://www.speedrun.com/milons_secret_castle
272,Sesame Street: A-B-C,100%,20,380,39.2,380,380,1.96,,690,620,100,https://www.speedrun.com/sesame_street_abc
273,Kid Niki: Radical Ninja,any%,18,380,38.88,380,380,2.16,,690,620,100,https://www.speedrun.com/kid_niki_radical_ninja
273,Yo! Noid,any%,16,380,38.88,380,380,2.43,,690,620,100,https://www.speedrun.com/yo_noid
275,"Adventures of Tom Sawyer, The",any%,18,380,38.7,380,380,2.15,,690,620,100,https://www.speedrun.com/the_adventures_of_tom_sawyer
276,Demon Sword,any%,18,380,38.52,380,380,2.14,,690,620,100,https://www.speedrun.com/demon_sword
277,Magic Johnson's Fast Break,100 Points,28,380,38.08,380,380,1.36,,690,620,100,https://www.speedrun.com/magic_johnsons_fast_break
278,Gotcha! The Sport!,Beginner,20,370,38,370,370,1.9,,670,620,100,https://www.speedrun.com/gotcha_the_sport
279,Monster Truck Rally,Monster Truck Rally,17,370,37.91,370,370,2.23,,670,620,100,https://www.speedrun.com/monster_truck_rally
280,City Connection,1 Loop,19,370,37.81,370,370,1.99,,670,620,100,https://www.speedrun.com/city_connection
281,Spy vs. Spy,Single-Segment,17,370,37.57,370,370,2.21,,670,620,100,https://www.speedrun.com/spy_vs._spy?h=Single-Segment&x=rkl3n0nk
282,Dig Dug II,1 Loop,15,370,37.5,370,370,2.5,,670,620,100,https://www.speedrun.com/dig_dug_ii_nes
282,Ikari Warriors,any% (all),15,370,37.5,370,370,2.5,,670,620,100,https://www.speedrun.com/ikari_warriors
286,Captain America and The Avengers,any%,16,360,37.28,360,360,2.33,,650,610,100,https://www.speedrun.com/captain_america_and_the_avengers_nes
287,"Battle of Olympus, The",any%,15,360,37.2,360,360,2.48,,650,610,100,https://www.speedrun.com/the_battle_of_olympus
288,Jeopardy! 25th Anniversary Edition,Win (Solo),16,360,36.32,360,360,2.27,,650,610,100,https://www.speedrun.com/jeopardy25nes
394,"Magic of Scheherazade, The",any%,9,360,22.5,200,200,2.5,Y,360,520,100,https://www.speedrun.com/tmos
394,"Punisher, The",any%,9,360,22.5,200,200,2.5,Y,360,520,100,https://www.speedrun.com/the_punisher_nes
394,Space Shuttle Project,any%,9,360,22.5,200,200,2.5,Y,360,520,100,https://www.speedrun.com/space_shuttle_project
289,Wild Gunman,Game C,17,350,35.53,350,350,2.09,,630,610,100,https://www.speedrun.com/wild_gunman?h=Game_C&x=mkejo462
290,Conquest of the Crystal Palace,any%,16,350,35.52,350,350,2.22,,630,610,100,https://www.speedrun.com/conquest_of_the_crystal_palace
291,RoboCop 3,any%,18,350,35.46,350,350,1.97,,630,610,100,https://www.speedrun.com/robocop_3
292,Remote Control,Win Game,15,350,35.1,350,350,2.34,,630,610,100,https://www.speedrun.com/remote_control
293,Kickle Cubicle,any%,14,350,35,350,350,2.5,,630,610,100,https://www.speedrun.com/kickle_cubicle
293,S.C.A.T.: Special Cybernetic Attack Team,any%,14,350,35,350,350,2.5,,630,610,100,https://www.speedrun.com/s.c.a.t._special_cybernetic_attack_team
296,Bump 'n' Jump,4 Scenes,24,340,34.8,340,340,1.45,,620,600,100,https://www.speedrun.com/bnj
297,R.C. Pro-Am,any% One Loop (24 Tracks),14,340,34.3,340,340,2.45,,620,600,100,https://www.speedrun.com/r.c._pro-am
298,Target: Renegade,any%,16,340,34.24,340,340,2.14,,620,600,100,https://www.speedrun.com/target_renegade
299,Base Wars (Cyber Stadium Series),100% (One game),26,340,34.06,340,340,1.31,,620,600,100,https://www.speedrun.com/cyber_stadium_series_base_wars
300,Rollerball,100k Points,27,340,34.02,340,340,1.26,,620,600,100,https://www.speedrun.com/rollerball
301,Dragon Fighter,any%,15,330,33.9,340,330,2.26,,600,590,100,https://www.speedrun.com/dragon_fighter
302,New Ghostbusters II,any%,14,330,33.88,330,330,2.42,,600,590,100,https://www.speedrun.com/newghostbusters2
303,Indiana Jones and the Last Crusade (Taito-1991),any%,18,330,33.84,330,330,1.88,,600,590,100,https://www.speedrun.com/ijlastcrusadetaito
304,Sword Master,any%,17,330,33.66,330,330,1.98,,600,590,100,https://www.speedrun.com/sword_master
305,Wizards & Warriors III: Kuros: Visions of Power,any%,14,330,33.46,330,330,2.39,,600,590,100,https://www.speedrun.com/wizards_and_warriors_iii_kuros_visons_of_power
306,Kid Klown in Night Mayor World,any%,15,330,33.45,330,330,2.23,,600,590,100,https://www.speedrun.com/kid_klown_nes
307,Defenders of Dynatron City,any%,15,330,33.3,330,330,2.22,,600,590,100,https://www.speedrun.com/dodc
308,Defender II,"Game A, 5 Waves",25,320,33.25,320,320,1.33,,580,590,100,https://www.speedrun.com/defender_ii
309,M.U.L.E.,Easy,14,320,33.18,320,320,2.37,,580,590,100,https://www.speedrun.com/m.u.l.e.
310,R.B.I. Baseball,Win a Game,24,320,33.12,320,320,1.38,,580,590,100,https://www.speedrun.com/r.b.i._baseball
311,Zen the Intergalactic Ninja,(all) any%,15,320,33,320,320,2.2,,580,590,100,https://www.speedrun.com/zen_intergalactic_ninja
312,Predator: Soon the Hunt Will Begin,Beat the Game,14,320,32.9,320,320,2.35,,580,590,100,https://www.speedrun.com/predator
313,Jack Nicklaus' Greatest 18 Holes of Major Championship Golf,any%,19,320,32.87,320,320,1.73,,580,590,100,https://www.speedrun.com/jack_nicklaus_greatest_18_holes_of_major_championship_golf
314,Shooting Range,any%,17,310,32.81,310,310,1.93,,560,580,100,https://www.speedrun.com/shooting_range
315,Classic Concentration,any%,18,310,32.58,310,310,1.81,,560,580,100,https://www.speedrun.com/classic_concentration?h=Any-NES&x=n2y5zyzk-5lyj4ggl.jq64ddn1
316,Blades of Steel,any%,13,310,32.5,310,310,2.5,,560,580,100,https://www.speedrun.com/bos
316,Cowboy Kid,Beat the game,13,310,32.5,310,310,2.5,,560,580,100,https://www.speedrun.com/cowboykid
316,Deadly Towers,any%,13,310,32.5,310,310,2.5,,560,580,100,https://www.speedrun.com/deadly_towers
316,Legendary Wings,any%,13,310,32.5,310,310,2.5,,560,580,100,https://www.speedrun.com/legendary_wings
320,Stack-Up,Direct - Max Points (No ROB),39,300,32.37,300,300,0.83,,540,580,100,https://www.speedrun.com/stack-up?h=Direct_-_Max_Points-No_ROB&x=rklee4w2-dlom9dm8.5lmxg3m1
320,Taboo: The Sixth Sense,any%,39,300,32.37,300,300,0.83,,540,580,100,https://www.speedrun.com/taboo
322,Bad Dudes,any%,14,300,32.34,300,300,2.31,,540,580,100,https://www.speedrun.com/bad_dudes_nes
323,"Legend of Kage, The",1 Loop,16,300,32.16,300,300,2.01,,540,580,100,https://www.speedrun.com/the_legend_of_kage
324,Hollywood Squares,Win,18,300,32.04,300,300,1.78,,540,580,100,https://www.speedrun.com/hollywood_squares_nes
325,NARC,any%,15,300,31.5,300,300,2.1,,540,580,100,https://www.speedrun.com/narc
326,Dr. Jekyll and Mr. Hyde,any%,13,300,31.46,300,300,2.42,,540,580,100,https://www.speedrun.com/dr._jekyll_and_mr._hyde
327,Dynowarz: Destruction of Spondylus,any%,13,290,31.07,290,290,2.39,,530,570,100,https://www.speedrun.com/dynowarz_destruction_of_spondylus
328,Contra Force,any%,14,290,30.94,290,290,2.21,,530,570,100,https://www.speedrun.com/contra_force
328,Zombie Nation,(all) any%,13,290,30.94,290,290,2.38,,530,570,100,https://www.speedrun.com/zombie_nation
330,Championship Pool,Speed Pool,23,290,30.13,290,290,1.31,,530,570,100,https://www.speedrun.com/championship_pool_nes?h=Speed_Pool&x=7kjz0rzd
332,Bad News Baseball,any%,22,290,29.7,290,290,1.35,,530,570,100,https://www.speedrun.com/bad_news_baseball
430,Golgo 13: Top Secret Episode,any%,8,290,20,160,160,2.5,Y,290,490,100,https://www.speedrun.com/golgo13nes
430,Nintendo World Cup,Tournament,8,290,20,160,160,2.5,Y,290,490,100,https://www.speedrun.com/nintendo_world_cup
430,Puzznic,All Rounds,8,290,20,160,160,2.5,Y,290,490,100,https://www.speedrun.com/puzznicnes
430,Smash TV,any%,8,290,20,160,160,2.5,Y,290,490,100,https://www.speedrun.com/smash_tv
333,Solomon's Key,any%,13,280,29.25,280,280,2.25,,510,560,100,https://www.speedrun.com/solomonskey
334,Break Time: The National Pool Tour,Nine Ball,23,280,29.21,280,280,1.27,,510,560,100,https://www.speedrun.com/break_time_the_national_pool_tour?h=Nine_Ball&x=7dgnr4p2
335,Platoon,any%,14,280,28.98,280,280,2.07,,510,560,100,https://www.speedrun.com/platoon
336,Slalom,any course,13,280,28.86,280,280,2.22,,510,560,100,https://www.speedrun.com/slalom
337,Who Framed Roger Rabbit?,any%,15,280,28.8,280,280,1.92,,510,560,100,https://www.speedrun.com/who_framed_roger_rabbit_nes
338,Wizardry: Proving Grounds of the Mad Overlord,Glitchless,13,280,28.73,280,280,2.21,,510,560,100,https://www.speedrun.com/wizardry_pgotmo?h=Glitchless_NES&x=zdnz5qdq
339,Sid Meier's Pirates!,any%,38,280,28.5,280,280,0.75,,510,560,100,https://www.speedrun.com/sid_meiers_pirates_nes
340,Hoops,1-On-1 Victory,22,270,28.38,270,270,1.29,,490,560,100,https://www.speedrun.com/hoops
341,Baseball Simulator 1.000,Exhibition,21,270,28.35,270,270,1.35,,490,560,100,https://www.speedrun.com/baseball_simulator_1.000
342,Spy Hunter,"30,000 points",21,270,27.72,270,270,1.32,,490,560,100,https://www.speedrun.com/spy_hunter
343,Batman Returns,Good ending,11,270,27.5,270,270,2.5,,490,560,100,https://www.speedrun.com/batman_returns_nes
343,Jurassic Park,any%,11,270,27.5,270,270,2.5,,490,560,100,https://www.speedrun.com/jurassic_park_nes
343,Snake's Revenge,any%,11,270,27.5,270,270,2.5,,490,560,100,https://www.speedrun.com/snakesrevenge
346,Pipe Dream,Game B,14,270,27.16,270,270,1.94,,490,560,100,https://www.speedrun.com/pipe_dream
347,Isolated Warrior,any%,11,260,27.06,260,260,2.46,,470,550,100,https://www.speedrun.com/isolated_warrior
347,"Jungle Book, The",any%,11,260,27.06,260,260,2.46,,470,550,100,https://www.speedrun.com/the_jungle_book_nes
349,G.I. Joe: The Atlantis Factor,any%,13,260,27.04,260,260,2.08,,470,550,100,https://www.speedrun.com/gijoe_taf
350,Bubble Bobble Part 2,any%,11,260,26.95,260,260,2.45,,470,550,100,https://www.speedrun.com/bubblebobblepart2
351,"Three Stooges, The",any%,14,260,26.88,260,260,1.92,,470,550,100,https://www.speedrun.com/the_three_stooges
352,Family Feud,Fast Money Win,20,260,26.8,260,260,1.34,,470,550,100,https://www.speedrun.com/familyfeudnes?h=Fast_Money_Win-EmulatorFlashcart-1P1C&x=jdrxrl5d-ylq6j638.9qjr8n0l-2lgrj2en.gq7d4dpq
353,Digger T. Rock: Legend of the Lost City,any%,14,260,26.74,260,260,1.91,,470,550,100,https://www.speedrun.com/digger_t._rock_the_legend_of_the_lost_city
354,California Games,All events,32,250,26.56,250,250,0.83,,450,550,100,https://www.speedrun.com/california_games_nes
355,Super Jeopardy!,any%,11,250,26.51,250,250,2.41,,450,550,100,https://www.speedrun.com/super_jeopardy
356,"Addams Family, The",any%,12,250,26.4,250,250,2.2,,450,550,100,https://www.speedrun.com/addamsfamily
357,Tag Team Wrestling,1 match,21,250,26.25,250,250,1.25,,450,550,100,https://www.speedrun.com/tag_team_wrestling
358,"Immortal, The",any%,12,250,26.16,250,250,2.18,,450,550,100,https://www.speedrun.com/the_immortal_nes
359,World Games,All Gold,14,250,26.04,250,250,1.86,,450,550,100,https://www.speedrun.com/world_games
360,Gauntlet II,10 Levels,20,250,26,250,250,1.3,,450,550,100,https://www.speedrun.com/gauntlet_ii
361,Nightshade,any%,12,240,25.8,240,240,2.15,,440,540,100,https://www.speedrun.com/nightshade_nes
362,Pro Wrestling,VWA/VWF Champion any%,12,240,25.68,240,240,2.14,,440,540,100,https://www.speedrun.com/pro_wrestling_nes
362,Werewolf: The Last Warrior,any%,12,240,25.68,240,240,2.14,,440,540,100,https://www.speedrun.com/werewolf_the_last_warrior
364,"Blues Brothers, The",any%,13,240,25.22,240,240,1.94,,440,540,100,https://www.speedrun.com/tbb
364,BurgerTime,1-Loop,13,240,25.22,240,240,1.94,,440,540,100,https://www.speedrun.com/burgertime_nes
366,Star Wars: The Empire Strikes Back,any%,11,240,25.19,240,240,2.29,,440,540,100,https://www.speedrun.com/star_wars_the_empire_strikes_back
367,Hydlide,any%,11,240,25.08,240,240,2.28,,440,540,100,https://www.speedrun.com/hydlide1
367,Tiny Toon Adventures 2: Trouble in Wackyland,any%,11,240,25.08,240,240,2.28,,440,540,100,https://www.speedrun.com/tiny_toon_adventures_2_trouble_in_wackyland
369,Overlord,8 Planets,14,230,25.06,230,230,1.79,,420,530,100,https://www.speedrun.com/overlord_supremacy
370,Gyromite,Game A - Phases 1-40,10,230,25,230,230,2.5,,420,530,100,https://www.speedrun.com/gyromite
370,Gyruss,any%,10,230,25,230,230,2.5,,420,530,100,https://www.speedrun.com/gyruss
370,Mission: Impossible,any%,10,230,25,230,230,2.5,,420,530,100,https://www.speedrun.com/mission_impossible_nes
374,Greg Norman's Golf Power,USA,13,230,24.96,230,230,1.92,,420,530,100,https://www.speedrun.com/greg_normans_golf_power
375,Winter Games,All Events,28,230,24.92,230,230,0.89,,420,530,100,https://www.speedrun.com/winter_games
376,Iron Tank,any%,11,220,24.86,220,220,2.26,,400,530,100,https://www.speedrun.com/iron_tank
377,Elevator Action,any%,12,220,24.84,220,220,2.07,,400,530,100,https://www.speedrun.com/elevator_action
378,Bonk's Adventure,any%,10,220,24.6,220,220,2.46,,400,530,100,https://www.speedrun.com/bonknes
379,Clash at Demonhead,any%,10,220,24.4,220,220,2.44,,400,530,100,https://www.speedrun.com/clash_at_demonhead
380,Fist of the North Star,any%,12,220,24.36,220,220,2.03,,400,530,100,https://www.speedrun.com/fist_of_the_north_star_nes
381,Tag Team Match: M.U.S.C.L.E.,1 loop,13,220,24.05,220,220,1.85,,400,530,100,https://www.speedrun.com/tag_team_match_muscle
382,Beetlejuice,any%,11,220,23.87,220,220,2.17,,400,530,100,https://www.speedrun.com/beetlejuice
465,Destiny of an Emperor,any%,7,220,17.5,120,120,2.5,Y,220,470,85,https://www.speedrun.com/destiny_of_an_emperor?h=Any_US&x=zdn488ek
465,Lode Runner,50 Levels (default speed),7,220,17.5,120,120,2.5,Y,220,470,85,https://www.speedrun.com/lode_runner
465,Tennis,All Levels,7,220,17.5,120,120,2.5,Y,220,470,85,https://www.speedrun.com/tennis_nes
383,Asterix,any% Easy,12,210,23.76,210,210,1.98,,380,520,100,https://www.speedrun.com/asterix
384,Day Dreamin' Davey,any%,10,210,23.7,210,210,2.37,,380,520,100,https://www.speedrun.com/day_dreamin_davey
385,Battleship,Level 1,14,210,23.52,210,210,1.68,,380,520,100,https://www.speedrun.com/battleship
386,Darkman,Beat the Game,11,210,23.43,210,210,2.13,,380,520,100,https://www.speedrun.com/darkman
387,Doki! Doki! Yuenchi: Crazy Land Daisakusen,any%,10,210,23.4,210,210,2.34,,380,520,100,https://www.speedrun.com/ddy
388,Abadox: The Deadly Inner War,any%,10,210,23.3,210,210,2.33,,380,520,100,https://www.speedrun.com/abadox
389,WWF WrestleMania,Tournament mode,12,210,23.28,210,210,1.94,,380,520,100,https://www.speedrun.com/wwf_wrestlemania
390,Kiwi Kraze,any%,12,210,22.92,210,210,1.91,,380,520,100,https://www.speedrun.com/newzealandstory
391,Totally Rad,any%,10,200,22.9,200,200,2.29,,360,520,100,https://www.speedrun.com/totally_rad
392,Harlem Globetrotters,Single Game Victory,16,200,22.72,200,200,1.42,,360,520,100,https://www.speedrun.com/harlem_globetrotters
393,Tiger-Heli,1 Loop Glitchless,10,200,22.7,200,200,2.27,,360,520,100,https://www.speedrun.com/tiger-heli
394,Castlequest,any%,10,200,22.5,200,200,2.25,,360,520,100,https://www.speedrun.com/castlequest
394,Muppet Adventure: Chaos at the Carnival,any%,9,200,22.5,200,200,2.5,,360,520,100,https://www.speedrun.com/muppet_adventure_chaos_at_the_carnival
394,Rampart,"Easy, With continues",9,200,22.5,200,200,2.5,,360,520,100,https://www.speedrun.com/rampart_nes
394,Super Spy Hunter,any%,9,200,22.5,200,200,2.5,,360,520,100,https://www.speedrun.com/super_spy_hunter
394,Top Gun,Beat the game,9,200,22.5,200,200,2.5,,360,520,100,https://www.speedrun.com/top_gun
394,Xexyz,any%,9,200,22.5,200,200,2.5,,360,520,100,https://www.speedrun.com/xexyz
403,Double Dare,Victory,11,190,22.44,190,190,2.04,,350,510,100,https://www.speedrun.com/double_dare
403,Peter Pan and the Pirates,any%,11,190,22.44,190,190,2.04,,350,510,100,https://www.speedrun.com/peter_pan_and_the_pirates
405,3-D WorldRunner,any%,9,190,22.05,190,190,2.45,,350,510,100,https://www.speedrun.com/3-d_worldrunner
406,Dash Galaxy in the Alien Asylum,any%,11,190,22,190,190,2,,350,510,100,https://www.speedrun.com/dash_galaxy_in_the_alien_asylum
406,NES Play Action Football,One Win,11,190,22,190,190,2,,350,510,100,https://www.speedrun.com/nes_play_action_football?h=One_Win&x=9kvm838k
408,Arch Rivals,Victory,12,180,21.96,180,180,1.83,,330,500,100,https://www.speedrun.com/arch_rivals
408,Burai Fighter,any% (Eagle),9,180,21.96,180,180,2.44,,330,500,100,https://www.speedrun.com/burai_fighter_nes
410,Frankenstein: The Monster Returns,any%,10,180,21.7,180,180,2.17,,330,500,100,https://www.speedrun.com/frankenstein_the_monster_returns
411,Cybernoid: The Fighting Machine,Easy,11,180,21.34,180,180,1.94,,330,500,100,https://www.speedrun.com/cybernoid
411,Mickey's Adventures in Numberland,normal any%,22,180,21.34,180,180,0.97,,330,500,100,https://www.speedrun.com/mickeys_adventures_in_numberland
413,Prince of Persia,any%,9,180,21.33,180,180,2.37,,330,500,100,https://www.speedrun.com/pop1?h=Any-nes&x=rklx8pnk-ylqj57nr.5le2xv6l
414,Volleyball,Match,14,180,21.28,180,180,1.52,,330,500,100,https://www.speedrun.com/volleyball
415,Kid Kool,any%,9,180,20.97,180,180,2.33,,330,500,100,https://www.speedrun.com/kid_kool
416,Pinball Quest,RPG Mode,10,170,20.9,170,170,2.09,,310,500,100,https://www.speedrun.com/pinballquest
417,"Krion Conquest, The",Beat the Game,9,170,20.79,170,170,2.31,,310,500,100,https://www.speedrun.com/krionconquest
418,Capcom's Gold Medal Challenge '92,any%,15,170,20.7,170,170,1.38,,310,500,100,https://www.speedrun.com/capcoms_gold_medal_challenge_92
418,Qix,Level 10,15,170,20.7,170,170,1.38,,310,500,100,https://www.speedrun.com/qix?h=Level_10_NES&x=8241jve2
418,Swamp Thing,any%,9,170,20.7,170,170,2.3,,310,500,100,https://www.speedrun.com/swamp_thing
421,Wheel of Fortune Family Edition,any%,24,170,20.64,170,170,0.86,,310,500,100,https://www.speedrun.com/wheel_of_fortune_family_edition
422,"Simpsons: Bartman Meets Radioactive Man, The",any%,9,170,20.61,170,170,2.29,,310,500,100,https://www.speedrun.com/the_simpsons_bartman_meets_radioactive_man
422,Solar Jetman: Hunt for the Golden Warpship,any%,9,170,20.61,170,170,2.29,,310,500,100,https://www.speedrun.com/solar_jetman
504,Back to the Future Part II & III,any%,6,170,15,90,90,2.5,Y,170,450,75,https://www.speedrun.com/backtothefuture2and3
504,Ferrari Grand Prix Challenge,Qualify,6,170,15,90,90,2.5,Y,170,450,75,https://www.speedrun.com/ferrari_grand_prix_challenge
504,Knight Rider,Mission Mode,6,170,15,90,90,2.5,Y,170,450,75,https://www.speedrun.com/knight_rider_nes
504,Lunar Pool,any%,6,170,15,90,90,2.5,Y,170,450,75,https://www.speedrun.com/lunar_pool
424,Castle of Dragon,any%,10,160,20.6,160,160,2.06,,290,490,100,https://www.speedrun.com/castle_of_dragon
425,KlashBall,Knockout (1 win),15,160,20.55,160,160,1.37,,290,490,100,https://www.speedrun.com/klashball
426,Wheel of Fortune Junior Edition,any%,24,160,20.4,160,160,0.85,,290,490,100,https://www.speedrun.com/wheel_of_fortune_junior_edition
427,Low G Man: The Low Gravity Man,any%,9,160,20.34,160,160,2.26,,290,490,100,https://www.speedrun.com/low_g_man
428,Where in Time Is Carmen Sandiego?,Single Capture,16,160,20.32,160,160,1.27,,290,490,100,https://www.speedrun.com/where_in_time_is_carmen_sandiego
429,Circus Caper,any%,10,160,20.1,160,160,2.01,,290,490,100,https://www.speedrun.com/circus_caper
430,"Adventures of Gilligan's Island, The",any%,8,160,20,160,160,2.5,,290,490,100,https://www.speedrun.com/the_adventures_of_gilligans_island
430,Adventures of Lolo 2,any%,8,160,20,160,160,2.5,,290,490,100,https://www.speedrun.com/lolo2
430,Formula One Sensation,Win the Championship,8,160,20,160,160,2.5,,290,490,100,https://www.speedrun.com/formula_1_sensation
430,Lethal Weapon,any%,8,160,20,160,160,2.5,,290,490,100,https://www.speedrun.com/lethal_weapon
430,Little League Baseball: Championship Series,Win a Championship,8,160,20,160,160,2.5,,290,490,100,https://www.speedrun.com/little_league_baseball_championship_series?h=Win_a_Championship&x=zd3l37vd
430,Ultima III: Exodus,any%,8,160,20,160,160,2.5,,290,490,100,https://www.speedrun.com/ultima3
440,Wall Street Kid,any%,8,150,19.92,150,150,2.49,,270,490,95,https://www.speedrun.com/wsk
441,Time Lord,any%,9,150,19.62,150,150,2.18,,270,490,95,https://www.speedrun.com/time_lord
442,Bases Loaded,Win a Game,10,150,19.6,150,150,1.96,,270,490,95,https://www.speedrun.com/bases_loaded
442,Star Trek: 25th Anniversary,Beat the Game,8,150,19.6,150,150,2.45,,270,490,95,https://www.speedrun.com/startrek25nes
444,Treasure Master,any% (all),8,140,19.52,140,140,2.44,,260,480,95,https://www.speedrun.com/treasure_master
445,Advanced Dungeons & Dragons: Heroes of the Lance,any%,10,140,19.5,140,140,1.95,,260,480,95,https://www.speedrun.com/adndhotl
446,Gumshoe,any%,9,140,19.26,140,140,2.14,,260,480,95,https://www.speedrun.com/gumshoe
447,Cabal,Beat the Game 1 Player,8,140,19.2,140,140,2.4,,260,480,95,https://www.speedrun.com/cabal
447,Rambo,any%,8,140,19.2,140,140,2.4,,260,480,95,https://www.speedrun.com/rambo
447,Swords and Serpents,any%,8,140,19.2,140,140,2.4,,260,480,95,https://www.speedrun.com/swords_and_serpents
450,Roundball: 2 on 2 Challenge,100 Points,14,140,19.18,140,140,1.37,,260,480,95,https://www.speedrun.com/roundball_2_on_2_challenge
451,Tombs & Treasure,any%,8,140,18.96,140,140,2.37,,260,480,90,https://www.speedrun.com/tombs_and_treasure
452,"Smurfs, The",Hard any%,9,130,18.81,130,130,2.09,,240,470,90,https://www.speedrun.com/the_smurfs_nes
453,Kings of the Beach,Match,14,130,18.76,130,130,1.34,,240,470,90,https://www.speedrun.com/kings_of_the_beach?h=Match-NES&x=zd363eyd-38do100l.5lekj9zl
454,Operation Wolf,any%,9,130,18.63,130,130,2.07,,240,470,90,https://www.speedrun.com/operation_wolf_nes
455,"Incredible Crash Dummies, The",any%,8,130,18.56,130,130,2.32,,240,470,90,https://www.speedrun.com/the_incredible_crash_dummies_nes
456,Ikari Warriors II: Victory Road,any%,9,130,18.54,130,130,2.06,,240,470,90,https://www.speedrun.com/ikariwarriors2
457,Dirty Harry: The War Against Drugs,any%,8,130,18.24,130,130,2.28,,240,470,90,https://www.speedrun.com/dirty_harry
458,Tecmo NBA Basketball,Win a Game,12,130,18.12,130,130,1.51,,240,470,90,https://www.speedrun.com/tecmo_nba_basketball
459,Rock 'n Ball,Bomber,10,130,18.1,130,130,1.81,,240,470,90,https://www.speedrun.com/rock_n_ball
460,BreakThru,any%,9,130,18.09,130,130,2.01,,240,470,90,https://www.speedrun.com/breakthru
461,720°,any%,8,130,18,130,130,2.25,,240,470,90,https://www.speedrun.com/720
462,Tecmo Baseball,Win a Game,11,120,17.93,120,120,1.63,,220,470,85,https://www.speedrun.com/tecmo_baseball
463,Arkanoid,any%,8,120,17.84,120,120,2.23,,220,470,85,https://www.speedrun.com/arkanoid
464,John Elway's Quarterback,any%,11,120,17.82,120,120,1.62,,220,470,85,https://www.speedrun.com/john_elways_quarterback
465,Battle Tank,any%,7,120,17.5,120,120,2.5,,220,470,85,https://www.speedrun.com/battle_tank
465,Commando,"Itemless, All Mission",7,120,17.5,120,120,2.5,,220,470,85,https://www.speedrun.com/commando
465,Over Horizon,any%,7,120,17.5,120,120,2.5,,220,470,85,https://www.speedrun.com/over_horizon
465,Princess Tomato in the Salad Kingdom,Beat the Game,7,120,17.5,120,120,2.5,,220,470,85,https://www.speedrun.com/princess_tomato_in_the_salad_kingdom
465,Sesame Street: Big Bird's Hide & Speak,All 6 Games,14,120,17.5,120,120,1.25,,220,470,85,https://www.speedrun.com/sesame_street_big_birds_hide_and_speak
465,Star Force,Stage 24 - Omega,7,120,17.5,120,120,2.5,,220,470,85,https://www.speedrun.com/star_force
474,Crash 'n the Boys: Street Challenge,any%,16,110,17.44,110,110,1.09,,200,460,85,https://www.speedrun.com/crashntheboys
475,All-Pro Basketball,win%,10,110,17.4,110,110,1.74,,200,460,85,https://www.speedrun.com/all_pro_basketball
476,Bases Loaded II: Second Season,Win a Game,11,110,17.38,110,110,1.58,,200,460,85,https://www.speedrun.com/bases_loaded_ii_second_season
477,Caveman Games,All WRs,9,110,17.37,110,110,1.93,,200,460,85,https://www.speedrun.com/caveman_games
478,"Jetsons: Cogswell's Caper!, The",any%,7,110,17.36,110,110,2.48,,200,460,85,https://www.speedrun.com/the_jetsons_cogswells_caper
478,Silkworm,any%,7,110,17.36,110,110,2.48,,200,460,85,https://www.speedrun.com/silkworm
480,Mario Is Missing!,100%,7,110,17.29,110,110,2.47,,200,460,85,https://www.speedrun.com/mario_is_missing_nes
481,Major League Baseball,Win Game,10,110,17.2,110,110,1.72,,200,460,85,https://www.speedrun.com/major_league_baseball
482,Stinger,1 Player,7,110,17.08,110,110,2.44,,200,460,85,https://www.speedrun.com/stinger
483,P.O.W.: Prisoners of War,any%,7,110,17.01,110,110,2.43,,200,460,85,https://www.speedrun.com/pow_prisoners_of_war
543,Air Fortress,any% (Quest 1 & 2),5,110,12.5,60,60,2.5,Y,110,430,60,https://www.speedrun.com/air_fortress
543,"Black Bass, The",any%,5,110,12.5,60,60,2.5,Y,110,430,60,https://www.speedrun.com/the_black_bass
543,Dance Aerobics,any%,5,110,12.5,60,60,2.5,Y,110,430,60,https://www.speedrun.com/dance_aerobics
543,Days of Thunder,any%,5,110,12.5,60,60,2.5,Y,110,430,60,https://www.speedrun.com/days_of_thunder_nes
543,Ultima IV: Quest of the Avatar,any%,5,110,12.5,60,60,2.5,Y,110,430,60,https://www.speedrun.com/ultima4
484,Goal!,Perfect Shootout,13,100,16.9,100,100,1.3,,180,460,80,https://www.speedrun.com/goal
485,Indiana Jones and the Last Crusade (Ubisoft-1993),any%,8,100,16.88,100,100,2.11,,180,460,80,https://www.speedrun.com/indiana_jones_and_the_last_crusade_ubisoft
485,"Simpsons: Bart vs. the World, The",any%,8,100,16.88,100,100,2.11,,180,460,80,https://www.speedrun.com/the_simpsons_bart_vs_the_world
487,Amagon,any%,7,100,16.87,100,100,2.41,,180,460,80,https://www.speedrun.com/amagon
488,Captain Skyhawk,any%,7,100,16.73,100,100,2.39,,180,460,80,https://www.speedrun.com/captain_skyhawk
489,WWF WrestleMania Challenge,1v8 as Yourself (Solo),9,100,16.65,100,100,1.85,,180,460,80,https://www.speedrun.com/wwf_wrestlemania_challenge
490,"Terminator, The",any%,8,100,16.48,100,100,2.06,,180,460,80,https://www.speedrun.com/the_terminator
491,Hudson Hawk,any%,8,100,16.4,100,100,2.05,,180,460,80,https://www.speedrun.com/hh
492,Wheel of Fortune: Featuring Vanna White,any%,19,100,16.34,100,100,0.86,,180,460,80,https://www.speedrun.com/wheel_of_fortune_featuring_vanna_white
493,Crackout,Highscore,11,100,16.28,100,100,1.48,,180,460,80,https://www.speedrun.com/Crackout_NES
494,Goal! Two,Win a Game,12,100,16.2,100,100,1.35,,180,460,80,https://www.speedrun.com/goal_two
495,Times of Lore,any%,7,90,16.03,90,90,2.29,,170,450,80,https://www.speedrun.com/times_of_lore
496,Town & Country II: Thrilla's Surfari,any%,7,90,15.96,90,90,2.28,,170,450,75,https://www.speedrun.com/town_and_country_ii_thrillas_surfari
497,Rollerblade Racer,First Place,8,90,15.52,90,90,1.94,,170,450,75,https://www.speedrun.com/rollerblade_racer
498,Gemfire,any%,7,90,15.47,90,90,2.21,,170,450,75,https://www.speedrun.com/gemfire?h=any_NES&x=9kvxlo02
499,Ultimate Basketball,Win a Game,10,90,15.4,90,90,1.54,,170,450,75,https://www.speedrun.com/ultimate_basketball
500,Banana Prince,any%,7,90,15.33,90,90,2.19,,170,450,75,https://www.speedrun.com/banana_prince
501,Star Trek: The Next Generation,Promotion to Captain,8,90,15.28,90,90,1.91,,170,450,75,https://www.speedrun.com/star_trek_tng_nes
502,Athletic World,any% Beginner,8,90,15.12,90,90,1.89,,170,450,75,https://www.speedrun.com/athletic_world
503,Nintendo Campus Challenge,"any%, Level 3 clear",8,90,15.04,90,90,1.88,,170,450,75,https://www.speedrun.com/Nintendo_Campus_Challenge_NES?h=any-emu&x=vdoe7xvk
504,Advanced Dungeons & Dragons: Hillsfar,Cleric/Mage/Thief/Fighter,6,90,15,90,90,2.5,,170,450,75,https://www.speedrun.com/advanced_dungeons_and_dragons_hillsfar
504,Fun House,any% Warps,6,90,15,90,90,2.5,,170,450,75,https://www.speedrun.com/fun_house
504,King's Quest V: Absence Makes the Heart Go Yonder!,any%,6,90,15,90,90,2.5,,170,450,75,https://www.speedrun.com/kqvnes
504,Nobunaga's Ambition,17 Fiefs Beat the Game,6,90,15,90,90,2.5,,170,450,75,https://www.speedrun.com/nobunagas_ambition
504,R.C. Pro-Am II,1 Loop (36 tracks),6,90,15,90,90,2.5,,170,450,75,https://www.speedrun.com/r.c._pro-am_ii
504,Robowarrior,any%,6,90,15,90,90,2.5,,170,450,75,https://www.speedrun.com/robowarrior
504,Xenophobe,Single Loop,6,90,15,90,90,2.5,,170,450,75,https://www.speedrun.com/xenophobe
515,Race America,any% Win,6,80,14.94,80,80,2.49,,150,440,70,https://www.speedrun.com/race_america
516,"Addams Family: Pugsley's Scavenger Hunt, The",any%,7,80,14.91,80,80,2.13,,150,440,70,https://www.speedrun.com/the_addams_family_pugsleys_scavenger_hunt_nes
517,Superman,any%,6,80,14.88,80,80,2.48,,150,440,70,https://www.speedrun.com/superman_nes
518,Tecmo World Cup Soccer,Score 10 Goals,11,80,14.74,80,80,1.34,,150,440,70,https://www.speedrun.com/tecmo_world_cup_soccer
519,Adventures of Dino Riki,Beat the Game,6,80,14.7,80,80,2.45,,150,440,70,https://www.speedrun.com/adventures_of_dino_riki
519,"Adventures of Rad Gravity, The",100% & any%,6,80,14.7,80,80,2.45,,150,440,70,https://www.speedrun.com/the_adventures_of_rad_gravity
571,Legends of the Diamond,Win a Game,7,80,11.76,40,40,1.68,Y,80,420,55,https://www.speedrun.com/legends_of_the_diamond
581,1943: The Battle of Midway,any%,4,80,10,40,40,2.5,Y,80,420,50,https://www.speedrun.com/1943_the_battle_of_midway
581,Adventures of Lolo 3,any%,4,80,10,40,40,2.5,Y,80,420,50,https://www.speedrun.com/lolo3
581,"Bard's Tale, The",Any% Pre-Creation,4,80,10,40,40,2.5,Y,80,420,50,https://www.speedrun.com/The_Bards_Tale_NES
581,Bill & Ted's Excellent Video Game Adventure,any%,4,80,10,40,40,2.5,Y,80,420,50,https://www.speedrun.com/bill_and_teds_excellent_video_game_adventure
581,Faria: A World of Mystery and Danger,any%,4,80,10,40,40,2.5,Y,80,420,50,https://www.speedrun.com/faria
581,Godzilla 2: War of the Monsters,All Scenarios,4,80,10,40,40,2.5,Y,80,420,50,https://www.speedrun.com/godzilla2/leaderboards
581,James Bond Jr.,any%,4,80,10,40,40,2.5,Y,80,420,50,https://www.speedrun.com/james_bond_jr.
581,Krusty's Fun House,All Levels,4,80,10,40,40,2.5,Y,80,420,50,https://www.speedrun.com/krustys_fun_house
581,"Lone Ranger, The",any%,4,80,10,40,40,2.5,Y,80,420,50,https://www.speedrun.com/the_lone_ranger
581,Motor City Patrol,Beat the Game,4,80,10,40,40,2.5,Y,80,420,50,https://www.speedrun.com/motor_city_patrol
581,"Mutant Virus: Crisis in a Computer World, The",any%,4,80,10,40,40,2.5,Y,80,420,50,https://www.speedrun.com/the_mutant_virus_crisis_in_a_computer_world
581,Shingen the Ruler,any%,4,80,10,40,40,2.5,Y,80,420,50,https://www.speedrun.com/shingen_the_ruler
581,Uncharted Waters,Save the Princess,4,80,10,40,40,2.5,Y,80,420,50,https://www.speedrun.com/uncharted_waters
521,Rad Racer II,any%,6,70,14.58,70,70,2.43,,130,440,70,https://www.speedrun.com/rad_racer_ii
522,Jimmy Connors Tennis,Win a Match,11,70,14.52,70,70,1.32,,130,440,70,https://www.speedrun.com/jimmy_connors_tennis
523,King's Knight,any%,6,70,14.46,70,70,2.41,,130,440,70,https://www.speedrun.com/kings_knight
524,8 Eyes,any%,6,70,14.4,70,70,2.4,,130,440,70,https://www.speedrun.com/8_eyes
525,Dragon's Lair,any% NTSC,7,70,14.21,70,70,2.03,,130,440,70,https://www.speedrun.com/dragons_lair_nes?h=Any_NTSC-USA&x=9kvxqg82
526,Beauty and the Beast,any%,6,70,14.16,70,70,2.36,,130,440,70,https://www.speedrun.com/beauty_and_the_beast
526,Seicross,any%,6,70,14.16,70,70,2.36,,130,440,70,https://www.speedrun.com/seicross
528,Devil World,Beat Round 10,6,70,14.1,70,70,2.35,,130,440,70,https://www.speedrun.com/devil_world
528,Toxic Crusaders,any%,6,70,14.1,70,70,2.35,,130,440,70,https://www.speedrun.com/toxic_crusaders
530,Best of the Best: Championship Karate,Win%,11,70,14.08,70,70,1.28,,130,440,70,https://www.speedrun.com/best_of_the_best_championship_karate
531,Conan: The Mysteries of Time,any%,7,70,14.07,70,70,2.01,,130,440,70,https://www.speedrun.com/conan_the_mysteries_of_time
532,Twin Eagle,1P,6,70,14.04,70,70,2.34,,130,440,70,https://www.speedrun.com/twin_eagle?h=nes-1p&x=7dge4ex2-ylq330m8.qvvxrj6q
533,Sky Shark,any%,6,70,13.86,70,70,2.31,,130,440,65,https://www.speedrun.com/sky_shark
533,WWF WrestleMania: Steel Cage Challenge,One on One,11,70,13.86,70,70,1.26,,130,440,65,https://www.speedrun.com/wwf_wrestlemania_steel_cage_challenge
535,Roger Clemens' MVP Baseball,Win a Game,8,65,13.6,60,60,1.7,,110,430,65,https://www.speedrun.com/roger_clemens_mvp_baseball
536,Rod Land,any%,6,65,13.5,60,60,2.25,,110,430,65,https://www.speedrun.com/rod_land_nes
537,Michael Andretti's World GP,Best Time Trial,14,65,13.3,60,60,0.95,,110,430,65,https://www.speedrun.com/michael_andrettis_world_gp
538,Indiana Jones and the Temple of Doom,any%,7,65,13.23,60,60,1.89,,110,430,65,https://www.speedrun.com/ijtempleofdoom
539,Mario Bros. Classic Series,23 Phases,6,65,13.02,60,60,2.17,,110,430,65,https://www.speedrun.com/kaettekitamariobros
540,International Cricket,Fast Game,10,65,13,60,60,1.3,,110,430,65,https://www.speedrun.com/international_cricket
541,Touch Down Fever,Win a Game,7,60,12.74,60,60,1.82,,110,430,60,https://www.speedrun.com/touch_down_fever
542,Vegas Dream,Beat The Game,7,60,12.6,60,60,1.8,,110,430,60,https://www.speedrun.com/vegas_dream
543,Al Unser Jr.'s Turbo Racing,any%,5,60,12.5,60,60,2.5,,110,430,60,https://www.speedrun.com/al_unser_jr_turbo_racing
543,Bigfoot,Bigfoot,5,60,12.5,60,60,2.5,,110,430,60,https://www.speedrun.com/bigfoot
543,Captain Planet and the Planeteers,any%,5,60,12.5,60,60,2.5,,110,430,60,https://www.speedrun.com/captain_planet_and_the_planeteers
543,Dr. Chaos,any%,5,60,12.5,60,60,2.5,,110,430,60,https://www.speedrun.com/dr._chaos
543,Dusty Diamond's All-Star Softball,any%,5,60,12.5,60,60,2.5,,110,430,60,https://www.speedrun.com/dusty_diamonds_all-star_softball
543,Galaxy 5000,any%,5,60,12.5,60,60,2.5,,110,430,60,https://www.speedrun.com/g5k
543,Section Z,any%,5,60,12.5,60,60,2.5,,110,430,60,https://www.speedrun.com/section_z
555,RoadBlasters,any%,5,60,12.45,50,50,2.49,,90,430,60,https://www.speedrun.com/roadblasters_nes
556,Mendel Palace,any%,5,60,12.4,50,50,2.48,,90,430,60,https://www.speedrun.com/mendel_palace
557,Image Fight,any%,5,60,12.35,50,50,2.47,,90,430,60,https://www.speedrun.com/image_fight
558,American Gladiators,any%,5,60,12.3,50,50,2.46,,90,430,60,https://www.speedrun.com/americangladiators_nes
558,"Mafat Conspiracy, The",any%,5,60,12.3,50,50,2.46,,90,430,60,https://www.speedrun.com/mafatconspiracy
560,Wizardry: The Knight of Diamonds,any%,5,60,12.2,50,50,2.44,,90,430,60,https://www.speedrun.com/wizardry_knight_of_diamonds
561,Terra Cresta,Beat Mandora,6,60,12.18,50,50,2.03,,90,430,60,https://www.speedrun.com/terra_cresta
562,Dick Tracy,any%,5,60,12.15,50,50,2.43,,90,430,60,https://www.speedrun.com/dick_tracy?h=Any-NES&x=n2y1pr72-5ly63yn4.klrx3z0l
563,Athena,any%,5,60,12.1,50,50,2.42,,90,430,60,https://www.speedrun.com/athena
563,Heavy Barrel,any%,5,60,12.1,50,50,2.42,,90,430,60,https://www.speedrun.com/heavy_barrel
565,Top Players' Tennis,Asmik Open,6,60,12,40,40,2,,80,420,60,https://www.speedrun.com/top_players_tennis
566,"Hunt for Red October, The",any%,5,55,11.95,40,40,2.39,,80,420,55,https://www.speedrun.com/the_hunt_for_red_october
566,Star Voyager,any%,5,55,11.95,40,40,2.39,,80,420,55,https://www.speedrun.com/star_voyager
568,Heavy Shreddin',any%,5,55,11.9,40,40,2.38,,80,420,55,https://www.speedrun.com/heavy_shreddin
569,Chubby Cherub,any%,5,55,11.8,40,40,2.36,,80,420,55,https://www.speedrun.com/chubby_cherub
569,"Rocketeer, The",any%,5,55,11.8,40,40,2.36,,80,420,55,https://www.speedrun.com/the_rocketeer
572,Dropzone,Cadet%,9,55,11.7,40,40,1.3,,80,420,55,https://www.speedrun.com/dropzone
573,Castelian,any%,5,55,11.4,40,40,2.28,,80,420,55,https://www.speedrun.com/castelian
574,Skate or Die 2: The Search for Double Trouble,Adventure Mode - Any%,5,55,11.15,40,40,2.23,,80,420,55,https://www.speedrun.com/skateordie2
575,"Ren & Stimpy Show: Buckeroo$!, The",any%,5,55,11.05,40,40,2.21,,80,420,55,https://www.speedrun.com/ren_and_stimpy_buckeroos
576,Racket Attack,Men's Full Match,6,50,10.98,40,40,1.83,,80,420,50,https://www.speedrun.com/racket_attack
577,Mechanized Attack,any%,5,50,10.75,40,40,2.15,,80,420,50,https://www.speedrun.com/mechanized_attack?h=Any&x=vdom0vo2
578,Ring King,Tournament,8,50,10.64,40,40,1.33,,80,420,50,https://www.speedrun.com/ring_king?h=Tournament&x=7dg9yjlk
579,Ninja Kid,any%,5,50,10.6,40,40,2.12,,80,420,50,https://www.speedrun.com/ninja_kid
580,Championship Rally,Win the Monte Carlo,7,50,10.5,40,40,1.5,,80,420,50,https://www.speedrun.com/championship_rally
581,Airwolf (NES),Beat Mission 20,4,50,10,40,40,2.5,,80,420,50,https://www.speedrun.com/airwolf_useu
581,NFL Football,any%,5,50,10,40,40,2,,80,420,50,https://www.speedrun.com/nfl_football
581,Orb-3D,any%,4,50,10,40,40,2.5,,80,420,50,https://www.speedrun.com/orb-3d
581,Phantom Fighter,any%,4,50,10,40,40,2.5,,80,420,50,https://www.speedrun.com/phantom_fighter
581,Robin Hood: Prince of Thieves,any%,4,50,10,40,40,2.5,,80,420,50,https://www.speedrun.com/robin_hood_pot
581,Sky Kid,any%,4,50,10,40,40,2.5,,80,420,50,https://www.speedrun.com/sky_kid
581,Sqoon,any%,4,50,10,40,40,2.5,,80,420,50,https://www.speedrun.com/sqoon
581,Stanley: The Search for Dr. Livingston,any%,4,50,10,40,40,2.5,,80,420,50,https://www.speedrun.com/stanley_the_search_for_dr._livingston
581,Track & Field II,any%,4,50,10,40,40,2.5,,80,420,50,https://www.speedrun.com/track_and_field_ii
581,Twin Cobra,any%,4,50,10,40,40,2.5,,80,420,50,https://www.speedrun.com/twin_cobra
581,WCW: World Championship Wrestling,any%,4,50,10,40,40,2.5,,80,420,50,https://www.speedrun.com/wcw_world_championship_wrestling?h=Any&emulator=show&x=7kjr1x32
581,Wurm: Journey to the Center of the Earth,Beat the game,4,50,10,40,40,2.5,,80,420,50,https://www.speedrun.com/wurm_journey_to_the_center_of_the_earth
606,Mad Max,any%,4,45,9.96,30,30,2.49,,60,410,45,https://www.speedrun.com/mad_max_nes
606,Street Cop,any%,4,45,9.96,30,30,2.49,,60,410,45,https://www.speedrun.com/street_cop
608,"Uncanny X-Men, The",any%,5,45,9.95,20,20,1.99,,40,410,45,https://www.speedrun.com/the_uncanny_x-men
609,Cool World,Beat the game,4,45,9.76,20,20,2.44,,40,410,45,https://www.speedrun.com/coolworldnes
610,Rocket Ranger,any%,5,45,9.75,20,20,1.95,,40,410,45,https://www.speedrun.com/rocket_ranger
611,Thundercade,any%,4,45,9.72,20,20,2.43,,40,410,45,https://www.speedrun.com/thundercade
612,George Foreman's KO Boxing,GBO Belt,6,45,9.66,20,20,1.61,,40,410,45,https://www.speedrun.com/George_Foremans_KO_Boxing_NES
613,Konami Hyper Soccer,10 Goals,7,45,9.59,20,20,1.37,,40,410,45,https://www.speedrun.com/konami_hyper_soccer
614,Mystery Quest,any%,4,45,9.52,20,20,2.38,,40,410,45,https://www.speedrun.com/mystery_quest
615,Boulder Dash,any% (first loop),4,45,9.44,20,20,2.36,,40,410,45,https://www.speedrun.com/boulderdash
616,To the Earth,any%,4,45,9.4,20,20,2.35,,40,410,45,https://www.speedrun.com/to_the_earth
617,Bad Street Brawler,any%,4,45,9.28,20,20,2.32,,40,410,45,https://www.speedrun.com/bad_street_brawler
618,Super Team Games,Super Obstacle Course,5,45,9.2,20,20,1.84,,40,410,45,https://www.speedrun.com/super_team_games
619,Wayne Gretzky Hockey,Win%,5,45,9.2,20,20,1.84,,40,410,45,https://www.speedrun.com/wayne_gretzky_hockey
620,Cyberball,One win,6,45,9.06,20,20,1.51,,40,410,45,https://www.speedrun.com/cyberball
621,Dragon Power,any%,4,45,9.04,20,20,2.26,,40,410,45,https://www.speedrun.com/dbsnn?h=Any-ENG&x=z270e4d0-ylpe9qd8.21dgopj1
622,Paperboy 2,"Easy Street, Perfect Delivery",4,40,8.76,20,20,2.19,,40,410,40,https://www.speedrun.com/paperboy_2_nes
623,Rackets & Rivals,Win a Match,6,40,8.7,20,20,1.45,,40,410,40,https://www.speedrun.com/rackets_and_rivals
624,Bo Jackson Baseball,Win a Game,5,40,8.6,20,20,1.72,,40,410,40,https://www.speedrun.com/bo_jackson_baseball
625,Bases Loaded 4,Win a Game,5,40,8.45,20,20,1.69,,40,410,40,https://www.speedrun.com/bases_loaded_4
626,Rally Bike,1 Loop,4,40,8.4,20,20,2.1,,40,410,40,https://www.speedrun.com/rally_bike
626,"Untouchables, The",any%,4,40,8.4,20,20,2.1,,40,410,40,https://www.speedrun.com/the_untouchables
628,Super Glove Ball,any%,4,40,8.24,20,20,2.06,,40,410,40,https://www.speedrun.com/super_glove_ball
629,High Speed,UFO%,4,40,8,20,20,2,,40,410,40,https://www.speedrun.com/high_speed
633,Flying Warriors,any% Beginner (False Ending),3,40,7.5,20,20,2.5,Y,40,410,35,https://www.speedrun.com/flying_warriors
633,Formula One: Built to Win,Full Game,3,40,7.5,20,20,2.5,Y,40,410,35,https://www.speedrun.com/formula_one_built_to_win
633,Genghis Khan,Both Conquests,3,40,7.5,20,20,2.5,Y,40,410,35,https://www.speedrun.com/genghiskhan1
633,Miracle Piano Teaching System,Right Hand Lessons,3,40,7.5,20,20,2.5,Y,40,410,35,https://www.speedrun.com/Miracle_Piano_Teaching_System
633,Rainbow Islands: The Story of Bubble Bobble 2,any%,3,40,7.5,20,20,2.5,Y,40,410,35,https://www.speedrun.com/rainbowislands
633,Super Cars,any%,3,40,7.5,20,20,2.5,Y,40,410,35,https://www.speedrun.com/super_cars
630,Pin*Bot,No Solar Value,4,35,7.84,20,20,1.96,,40,410,35,https://www.speedrun.com/pin_bot
631,Short Order / Eggsplode!,Short Order - 10,6,35,7.74,20,20,1.29,,40,410,35,https://www.speedrun.com/short_order__eggsplode
632,Raid on Bungeling Bay,Game B,4,35,7.68,20,20,1.92,,40,410,35,https://www.speedrun.com/raid_on_bungeling_bay
633,Advanced Dungeons & Dragons: DragonStrike,any%,3,35,7.5,20,20,2.5,,40,410,35,https://www.speedrun.com/advanced_dungeons_and_dragons_dragonstrike
633,Casino Kid,any%,3,35,7.5,20,20,2.5,,40,410,35,https://www.speedrun.com/casino_kid
633,Casino Kid 2,any%,3,35,7.5,20,20,2.5,,40,410,35,https://www.speedrun.com/casino_kid_2
633,Eliminator Boat Duel,any% Expert,3,35,7.5,20,20,2.5,,40,410,35,https://www.speedrun.com/ebd
633,Hook,any%,3,35,7.5,20,20,2.5,,40,410,35,https://www.speedrun.com/hook_nes
633,Laser Invasion,any%,3,35,7.5,20,20,2.5,,40,410,35,https://www.speedrun.com/laser_invasion
633,Little Ninja Brothers,any%,3,35,7.5,20,20,2.5,,40,410,35,https://www.speedrun.com/little_ninja_brothers
633,Saint Seiya: Ougon Densetsu,any%,3,35,7.5,20,20,2.5,,40,410,35,https://www.speedrun.com/saint_seiya_ougon_densetsu
633,Thunder & Lightning,any%,3,35,7.5,20,20,2.5,,40,410,35,https://www.speedrun.com/Thunder__Lightning_NES
633,Thunderbirds,any%,3,35,7.5,20,20,2.5,,40,410,35,https://www.speedrun.com/thunderbirds_nes
633,Ultima V: Warriors of Destiny,any%,3,35,7.5,20,20,2.5,,40,410,35,https://www.speedrun.com/ultima5
633,Zanac,any%,3,35,7.5,20,20,2.5,,40,410,35,https://www.speedrun.com/zanac
651,Advanced Dungeons & Dragons: Pool of Radiance,any%,3,35,7.35,10,10,2.45,,20,400,35,https://www.speedrun.com/advanced_dungeons_and_dragons_pool_of_radiance_nes
652,Silent Service,War Patrol Top Score,5,35,7.25,10,10,1.45,,20,400,35,https://www.speedrun.com/silent_service
653,Flying Dragon: The Secret Scroll,1-Loop,3,35,7.17,10,10,2.39,,20,400,35,https://www.speedrun.com/flying_dragon_the_secret_scroll
653,Metal Mech,any%,3,35,7.17,10,10,2.39,,20,400,35,https://www.speedrun.com/metal_mech
655,Stealth ATF,any%,3,35,7.14,10,10,2.38,,20,400,35,https://www.speedrun.com/stealth_atf
656,Alpha Mission,any%,3,35,7.08,10,10,2.36,,20,400,35,https://www.speedrun.com/alpha_mission_nes
657,Cobra Command,any%,3,35,7.02,10,10,2.34,,20,400,35,https://www.speedrun.com/cobra_command
658,Noah's Ark,Europe%,5,35,7,10,10,1.4,,20,400,35,https://www.speedrun.com/Noahs_Ark_NES
659,Starship Hector,any% (No Turbo),3,30,6.9,10,10,2.3,,20,400,30,https://www.speedrun.com/starship_hector
660,Disney's Aladdin,any% Normal,3,30,6.81,10,10,2.27,,20,400,30,https://www.speedrun.com/disneys_aladdin_nes
661,Ghostbusters II,any%,3,30,6.72,10,10,2.24,,20,400,30,https://www.speedrun.com/ghostbusters_2
662,Pro Sport Hockey,Win%,5,30,6.7,10,10,1.34,,20,400,30,https://www.speedrun.com/pro_sport_hockey
663,RoboCop 2,any%,3,30,6.66,10,10,2.22,,20,400,30,https://www.speedrun.com/robocop_2
664,"Last Starfighter, The",1 Loop,3,30,6.51,10,10,2.17,,20,400,30,https://www.speedrun.com/the_last_starfighter
665,Mach Rider,"All Levels, Fighting Course",3,30,6.33,10,10,2.11,,20,400,30,https://www.speedrun.com/mach_rider
666,Might and Magic Book One: The Secret of the Inner Sanctum,any%,3,30,6.21,10,10,2.07,,20,400,30,https://www.speedrun.com/mam1
667,Kung-Fu Heroes,any%,3,30,6.18,10,10,2.06,,20,400,30,https://www.speedrun.com/kung-fu_heroes
668,World Class Track Meet,Tournament,3,30,6,10,10,2,,20,400,30,https://www.speedrun.com/world_class_track_meet
669,Conflict,Win% (both?),4,25,5.28,10,10,1.32,,20,400,25,https://www.speedrun.com/Conflict_NES
670,Videomation,8 Tools,7,25,5.25,10,10,0.75,,20,400,25,https://docs.google.com/spreadsheets/d/1d2qCE6OSq2d30NZAPkZe6pF29a2qwit3D7AKGEMmBj8/edit#gid=1067577126
671,Captain Tsubasa,any%,2,25,5,10,10,2.5,Y,20,400,25,https://www.speedrun.com/captain_tsubasa
671,Desert Commander,All Scenarios,2,25,5,10,10,2.5,Y,20,400,25,https://www.speedrun.com/desert_commander
671,Destination Earthstar,any%,2,25,5,10,10,2.5,Y,20,400,25,https://www.speedrun.com/destination_earthstar
671,Dungeon Magic: Sword of the Elements,any%,2,25,5,10,10,2.5,Y,20,400,25,https://www.speedrun.com/dungeon_magic_sword_of_the_elements
671,F-15 Strike Eagle,All Standard Missions,2,25,5,10,10,2.5,Y,20,400,25,https://www.speedrun.com/f15_strike_eagle
671,Legend of the Ghost Lion,any%,2,25,5,10,10,2.5,,20,400,25,https://www.speedrun.com/ghost_lion
671,Lemmings,All Levels,2,25,5,10,10,2.5,,20,400,25,https://www.speedrun.com/Lemmings_NES
671,Nobunaga's Ambition II,Conquer Japan,2,25,5,10,10,2.5,Y,20,400,25,https://www.speedrun.com/nobunagas_ambition_ii
671,Parodius Da!,any%,2,25,5,10,10,2.5,,20,400,25,https://www.speedrun.com/parodius_nes
671,Rainbow Islands: Bubble Bobble 2,any%,2,25,5,10,10,2.5,,20,400,25,https://www.speedrun.com/rainbowislands?h=Any_PAL&x=zd3lolnd
671,Romance of the Three Kingdoms,any%,2,25,5,10,10,2.5,Y,20,400,25,https://www.speedrun.com/romance_of_the_three_kingdoms
671,Ultimate Air Combat,any%,2,25,5,10,10,2.5,Y,20,400,25,https://www.speedrun.com/ultimate_air_combat_aces_iron_eagle_3
671,World Champ,Heavy Weight%,2,25,5,10,10,2.5,Y,20,400,25,https://www.speedrun.com/world_champ?h=Heavy_Weight&x=wkpr7rg2
684,Bases Loaded 3,any% Dream Team,3,20,4.95,10,10,1.65,,20,400,20,https://www.speedrun.com/bases_loaded_3?h=Any_Dream_Team&x=z276l9gd
685,Magician,any%,2,20,4.58,10,10,2.29,,20,400,20,https://www.speedrun.com/magician
686,Kick Off,Win%,3,20,4.56,10,10,1.52,,20,400,20,https://www.speedrun.com/ko
687,Top Gun: The Second Mission,1P Story,2,20,4.5,10,10,2.25,,20,400,20,https://www.speedrun.com/top_gun_-_the_second_mission?h=1P_VS&x=mkerlx8d
688,Super Turrican,any%,2,20,4.3,10,10,2.15,,20,400,20,https://www.speedrun.com/super_turrican_nes
689,Aussie Rules Footy,10 Goal Run,3,20,4.29,10,10,1.43,,20,400,20,https://www.speedrun.com/aussierules
690,Side Pocket,Beat the Game,2,20,4.04,10,10,2.02,,20,400,20,https://www.speedrun.com/side_pocket?h=Beat_the_Game-NES&x=5dw46w5k-r8ro9w58.4qyg4o4q
694,"Legend of Prince Valiant, The",any%,1,20,2.5,10,10,2.5,Y,20,400,10,https://www.speedrun.com/The_Legend_of_Prince_Valiant_NES
694,Nigel Mansell's World Championship Racing,Win the Championship,1,20,2.5,10,10,2.5,Y,20,400,10,https://www.speedrun.com/nigel_mansells_world_championship_racing
694,Parasol Stars: The Story of Bubble Bobble 3,any%,1,20,2.5,10,10,2.5,Y,20,400,10,https://www.speedrun.com/Parasol_Stars_The_Story_of_Bubble_Bobble_3_NES
694,Romance of the Three Kingdoms II,any%,1,20,2.5,10,10,2.5,Y,20,400,10,https://www.speedrun.com/romance_of_the_three_kingdoms_ii?h=Any-NES&x=7kj76l3k-5lyxv42n.z19wr04q
702,Elite,Competent Rating,1,20,2,10,10,2,Y,20,400,10,https://www.speedrun.com/Elite
702,F-117A Stealth Fighter,3 Medal Ribbons,1,20,2,10,10,2,Y,20,400,10,https://www.speedrun.com/F117_Stealth_Fighter
691,Tecmo World Wrestling,any%,2,15,3.96,10,10,1.98,,20,400,15,https://www.speedrun.com/tecmo_world_wrestling
692,Flight of the Intruder,Mission 5,2,15,3.86,10,10,1.93,,20,400,15,https://www.speedrun.com/Flight_of_the_Intruder_NES
693,Tiny Toon Adventures Cartoon Workshop,any%,5,15,3.75,10,10,0.75,,20,400,15,https://www.speedrun.com/tiny_toon_adventures_cartoon_workshop
694,Bill Elliott's NASCAR Challenge,any%,1,10,2.5,10,10,2.5,,20,400,10,https://www.speedrun.com/benc/leaderboards
694,Infiltrator,any%,1,10,2.5,10,10,2.5,,20,400,10,https://www.speedrun.com/Infiltrator_NES
694,Power Punch II,Beat the Game,1,10,2.5,10,10,2.5,,20,400,10,https://www.speedrun.com/Power_Punch_II_NES
701,Star Soldier,any%,1,10,2.24,10,10,2.24,,20,400,10,https://www.speedrun.com/star_soldier
702,Bandit Kings of Ancient China,Imperial Edict,1,10,2,10,10,2,,20,400,10,https://www.speedrun.com/bkoac
702,L'Empereur,Scenario Goal,1,10,2,10,10,2,,20,400,10,https://www.speedrun.com/LEmpereur